"hsa00053","hsa00061","hsa00071","hsa00120","hsa00130","hsa00190","hsa00240","hsa00280","hsa00430","hsa00500","hsa00511","hsa00532","hsa00533","hsa00561","hsa00563","hsa00591","hsa00592","hsa00601","hsa00650","hsa00670","hsa00750","hsa00760","hsa00780","hsa00830","hsa00900","hsa00920","hsa00970","hsa01040","hsa02010","hsa03008","hsa03013","hsa03015","hsa03018","hsa03020","hsa03022","hsa03030","hsa03040","hsa03410","hsa03420","hsa03440","hsa03450","hsa04020","hsa04024","hsa04066","hsa04071","hsa04072","hsa04110","hsa04115","hsa04120","hsa04122","hsa04130","hsa04136","hsa04137","hsa04142","hsa04144","hsa04146","hsa04150","hsa04152","hsa04218","hsa04270","hsa04310","hsa04340","hsa04392","hsa04510","hsa04512","hsa04514","hsa04530","hsa04610","hsa04657","hsa04662","hsa04664","hsa04721","hsa04723","hsa04725","hsa04726","hsa04740","hsa04750","hsa04911","hsa04916","hsa04919","hsa04925","hsa04926","hsa04930","hsa04961","hsa04962","hsa04971","hsa04974","hsa04978"
"Ascorbate and aldarate metabolism","Fatty acid biosynthesis","Fatty acid degradation","Primary bile acid biosynthesis","Ubiquinone and other terpenoid-quinone biosynthesis","Oxidative phosphorylation","Pyrimidine metabolism","Valine, leucine and isoleucine degradation","Taurine and hypotaurine metabolism","Starch and sucrose metabolism","Other glycan degradation","Glycosaminoglycan biosynthesis","Glycosaminoglycan biosynthesis","Glycerolipid metabolism","Glycosylphosphatidylinositol (GPI)-anchor biosynthesis","Linoleic acid metabolism","alpha-Linolenic acid metabolism","Glycosphingolipid biosynthesis","Butanoate metabolism","One carbon pool by folate","Vitamin B6 metabolism","Nicotinate and nicotinamide metabolism","Biotin metabolism","Retinol metabolism","Terpenoid backbone biosynthesis","Sulfur metabolism","Aminoacyl-tRNA biosynthesis","Biosynthesis of unsaturated fatty acids","ABC transporters","Ribosome biogenesis in eukaryotes","RNA transport","mRNA surveillance pathway","RNA degradation","RNA polymerase","Basal transcription factors","DNA replication","Spliceosome","Base excision repair","Nucleotide excision repair","Homologous recombination","Non-homologous end-joining","Calcium signaling pathway","cAMP signaling pathway","HIF-1 signaling pathway","Sphingolipid signaling pathway","Phospholipase D signaling pathway","Cell cycle","p53 signaling pathway","Ubiquitin mediated proteolysis","Sulfur relay system","SNARE interactions in vesicular transport","Autophagy","Mitophagy","Lysosome","Endocytosis","Peroxisome","mTOR signaling pathway","AMPK signaling pathway","Cellular senescence","Vascular smooth muscle contraction","Wnt signaling pathway","Hedgehog signaling pathway","Hippo signaling pathway","Focal adhesion","ECM-receptor interaction","Cell adhesion molecules (CAMs)","Tight junction","Complement and coagulation cascades","IL-17 signaling pathway","B cell receptor signaling pathway","Fc epsilon RI signaling pathway","Synaptic vesicle cycle","Retrograde endocannabinoid signaling","Cholinergic synapse","Serotonergic synapse","Olfactory transduction","Inflammatory mediator regulation of TRP channels","Insulin secretion","Melanogenesis","Thyroid hormone signaling pathway","Aldosterone synthesis and secretion","Relaxin signaling pathway","Type II diabetes mellitus","Endocrine and other factor-regulated calcium reabsorption","Vasopressin-regulated water reabsorption","Gastric acid secretion","Protein digestion and absorption","Mineral absorption"
"UGT2B11","ACSL1","ACAA2","ACOT8","COQ7","NDUFC2-KCTD14","NT5C1B-RDH14","ACAA2","CDO1","TREH","NEU3","UST","CHST4","AKR1A1","PIGK","PLA2G4B","PLA2G4B","B3GALT5","ACSM1","ST20-MTHFS","PSAT1","NT5C1B-RDH14","HLCS","CYP3A7-CYP3AP1","ZMPSTE24","BPNT1","FARSB","ACOT2","ABCC5","RNA5S1","POM121C","BCL2L2-PABPN1","TOB1","DNA-directed RNA polymerase III subunit RPC5","CDK7","RNASEH2A","ISY1-RAB43","PARP2","BIVM-ERCC5","RAD50","RAD50","PPIF","AKT3","AKT3","AKT3","AKT3","CDK2","CDK2","UBA2","MOCS3","STX6","ATG7","OPTN","AP1M2","PDCD6IP","ACOT8","AKT3","AKT3","AKT3","PLA2G4B","FRAT1","LOC400927-CSNK1E readthrough","LOC400927-CSNK1E readthrough","AKT3","LAMC3","CDH2","CLDN24","PROCR","DEFB4B","AKT3","AKT3","TCIRG1","NDUFC2-KCTD14","AKT3","PLA2G4B","olfactory receptor 4N4","PLA2G4B","KCNMB2","CREB3","AKT3","CREB3","AKT3","SOCS4","ADCY6","CREB3","ADCY1","KCNE3","SLC34A2"
"UGT2A1","ACSL3","ECI2","CYP46A1","VKORC1L1","COX17","DNA-directed RNA polymerase III subunit RPC5","HIBADH","GGT6","AGL","NEU4","B4GALT7","B3GNT2","AGPAT1","PIGU","PLA2G16","PLA2G16","B3GNT3","ACSM2A","MTHFS","AOX1","NAMPT","OXSM","DHRS9","PMVK","ETHE1","WARS2","ACOT7","ABCB6","RNA5S2","SNUPN","ALYREF","MPHOSPH6","POLR3F","TAF6L","POLD3","PQBP1","PARP3","CDK7","POLD3","DNTT","IGH","HCN4","CDKN1A","SPTLC1","PLA2G4B","CDK4","CDK4","SAE1","CTU2","BET1","GABARAP","CALCOCO2","AP3S2","WASH1","ECI2","RRAGB","eukaryotic elongation factor 2 kinase","RAD50","CALCRL","LOC400927-CSNK1E readthrough","KIF3A","YAP1","PAK4","CHAD","CDH3","OCLN","MASP2","CEBPB","IGH","PLA2G4B","UNC13B","GNB5","CREB3","RAPGEF3",,"ADCY1","CREB3","ADCY1","MED16","ADCY1","INSL5","MTOR","ADCY9","DCTN2","ADCY2","CELA3A","SLC46A1"
"ALDH2","ACSL4","ADH1A","SLC27A5","NQO1","TCIRG1","NME6","DBT","GAD1","G6PC","AGA","CHST14","FUT8","AGPAT2","PIGN","PLA2G4E","PLA2G4E","ST3GAL6","C10orf129","MTHFD2","PHOSPHO2","NT5C3B","BTD","UGT2B11","NUS1","MPST","FARS2","ACOT4","ABCC9","RNA5S3","ALYREF","SRRM1","C1D","POLR3G","GTF2A1L","DNA2","ALYREF","POLD3","CETN2","TOPBP1","FEN1","ADCY1","ABCC4","CDKN1B","GNA13","LPAR6","CDK6","CDK6","HUWE1","MOCS2","VTI1B","GABARAPL2","CITED2","TCIRG1","RNF103-CHMP3","SLC25A17","LAMTOR5","CREB3","HIPK3","KCNMB2","APC2","CSNK1A1L","RASSF1","LAMC3","COL1A1","CLDN24","ACTR3","VSIG4","TRAF3IP2","VAV3","IGH","CPLX2","ADCY1","GNB5","GNB5","OR5I1","ADCY2","ADCY1","ADCY2","RCAN2","ADCY2","CREB3","GCK","AP2M1","DCTN6","CFTR","SLC7A9","SLC26A9"
"ALDH1B1","FASN","ADH1B","AKR1C4","GGCX","ATP5H","POLR3F","DLD","GAD2","GAA","MAN2B2","B3GALT6","B4GALT1","CEL","GPLD1","PLB1","PLB1","B3GNT2","ABAT","ALDH1L1","PNPO","NADK2",,"DHRS4","FDPS","CYCS","PSTK","PTPLB","ABCC4","RNA5S4","EIF1","SAP18","TOB2","POLR3C","TAF8","FEN1","SF3B4","PARP1","POLD3","EME1","XRCC6","ADCY2","MYL9","EGLN2","CERS1","IGH","CDK7","CDKN1A","STUB1","MPST","YKT6","ATG4A","GABARAP","NPC2","ARPC5","PMVK","NPRL2","CAMKK2","CDK2","RAMP2","WIF1","EVC2","FRMD6","MYL12B","COL1A2","CDH4","ACTR2","CLU","IL17F","MALT1","VAV3","CPLX1","ADCY2","ADCY1","cytochrome P450 2D6-like","ADCY3","ADCY3","ADCY2","ADCY3","NCOA2","ADCY3","GNB5","HK1","AP2S1","ADCY3","ADCY3","SLC16A10","CLCN2"
"ALDH9A1","ACSBG1","ADH1C","CYP7A1","COQ2","ATP5L","POLR3G","ABAT","GGT1","GANC","FUCA1","CHST13","CHST6","MGLL","PIGW","CYP1A2","PLA2G4F","FUT9","ECHS1","FTCD","PDXP","NT5C2",,"UGT2A1","FNTA","IMPAD1","MTFMT","ACAA1","ABCA7","RNA5S5","POP7","NXF1","BTG3","POLR3A","TAF1L","POLA2","U2AF1L5","PARP4","ERCC8","RAD54B","POLL","CYSLTR1","RAPGEF3","EGLN3","DEGS2","RAPGEF3","CDKN1A","CDKN2A","UBE4B","TST","VAMP5","ATG2A","GABARAPL2","AP4B1","ARPC4","DHRS4","RRAGA","CFTR","CDK4","RAMP1","FZD10","CSNK1A1","WTIP","MYL9","COL2A1","CDH5","CDK4","CPB2","CHUK","LILRB3","PLA2G4E","STX1B","ADCY3","ADCY2","ADCY5","OR52E2","ADCY5","ADCY3","ADCY5","PLCD3","ADCY5","ADCY1","HK2","CLTA","ADCY6","ADCY5","COL1A1","SLC31A1"
"ALDH3A2","ACSL6","CPT1C","CYP8B1","HPD","UQCR11","POLR3C","ECHS1","GGT7","GBE1","FUCA2","CHSY1","ST3GAL1","MOGAT1","PIGP","CYP2C19","PLA2G2D","FUT1","EHHADH","MTFMT","PDXK","NMNAT2",,"ADH1A","FNTB","SQRDL","TARSL2","HADHA","ABCA10","RNA5S6","SRRM1","HBS1L","PAPD7","POLR3H","ERCC2","RNASEH1","SMNDC1","FEN1","DDB1","BABAM1","POLM","ADCY3","VAV3","CREBBP","ACER1","AGPAT1","CDKN1B","GADD45G","ANAPC10","URM1","STX1B","ATG4B","FUNDC1","CTSC","ARPC3","SLC27A2","TBC1D7-LOC100130357 readthrough","RAB10","CDK6","RAMP3","CSNK1A1L","CSNK1D","CSNK1E","VAV3","COL4A1","OCLN","INADL","CR1","IL17RE","CHUK","MAPK14","AP2M1","ADCY5","ADCY3","TPH2","OR52J3","ADCY6","RAPGEF4","ADCY6","MED12L","ADCY6","ADCY2","HK3","CLTB","ADCY9","ADCY6","COL1A2","TRPM6"
"ALDH7A1","MCAT","ADH4","CYP27A1","COQ6","COX6B2","POLD3","EHHADH","GGT5","GCK","GBA","B3GAT3","ST3GAL2","PNLIPRP3","PIGT","CYP2C8","PLA2G4D","FUT2","GAD1","ALDH1L2",,"QPRT",,"ADH1B","ICMT","SUOX","EARS2","FADS1","ABCA9","RNA5S7","SAP18","CPSF4","LSM6","TWISTNB","ERCC3","RPA4","BCAS2","SMUG1","DDB2","RPA4","LIG4","CHRM1","CREB3","CYBB","SGPP2","AGPAT2","STAG1","CHEK1","PIAS3","CTU1","VTI1A","GABARAPL1","CSNK2A1","AP3M2","ARPC1B","PXMP4","FZD10","PPARGC1A","CDKN1A","MRVI1","CREBBP","CSNK1E","RASSF6","MYL12A","COL4A2","CDH15","TUBA1B","CR2","MAPK14","PIK3AP1","CSF2","AP2S1","ADCY6","CHAT","PLA2G4E","OR51L1","ADCY7","ADCY5","FZD10","SLC16A10","ADCY7","ADCY3","IKBKB","CLTC","CREB1","ADCY7","COL2A1","SLC26A3"
"UGT2B28","ACACA","ADH5","AMACR","COQ3","NDUFA11","POLR3A","ACSF3","GADL1","AMY1A","GLB1","DSE","ST3GAL3","MBOAT2","PIGA","CYP2C9","ACAA1","FUT3","GAD2","DHFR",,"NNT",,"ADH1C","PDSS1","TST","AARS","PTPLAD2","ABCA8","RNA5S8","EIF1B","PAPOLA","EXOSC8","POLR2J2","TAF5L","LIG1","SF3A1","NEIL2","ERCC1","MRE11A","MRE11A","CHRM2","ADCY1","EDN1","ADORA1","GNA13","CDKN1C","CHEK2","UBE2E3","NFS1","STX2","MTOR","CSNK2A2","AP4S1","ARPC2","CRAT","CHUK","CPT1C","CDKN2A","MYL9","PRICKLE1","CSNK1G2","WWC1","BUB1B-PAK6","COL4A3","ICOS ligand","MYL12B","CD55","CSF2","CR2","AKT1","CLTA","ADCY7","ADCY5","CYP2C19","OR51A7","ADCY8","ADCY6","ADCY7","CREBBP","ADCY8","ADCY5","INS","AP2A1","DYNLL2","CHRM3","COL3A1","ATP1B4"
"UGT1A10","ACACB","ADH6","HSD17B4","TAT","ATP6V1G3","NT5C3B","ALDH2","CSAD","AMY1B","HEXDC","CHSY3","CHST1","GLYCTK","PIGC","CYP2E1","PLA2G2E","FUT4","HADHA","DHFRL1",,"NMRK2",,"ADH4","HMGCR","PAPSS2","DARS","ACOX1","multidrug resistance-associated protein 6","RNA5S9","PRMT5","RNPS1","DIS3L","POLR1A","GTF2A1","MCM2","PPIE","APEX2","ERCC2","NBN","PRKDC","ADCY7","ADCY2","EGF","ADORA3","ADCY1","CDKN2A","SESN3","WWP1",,"STX19","WIPI2","CSNK2B","AP1S1","RNF41","DAO","ATP6V1G3","CPT1A","CDKN2B","GNA13","CSNK1A1","CSNK1G3","WWTR1","CHAD","COL4A4","leukosialin","MYL9","CFD","CSF3","AKT1","AKT2","CLTB","MGLL","ADCY6","CYP2C8","OR51S1","ADCY9","ADCY7","ADCY8","CTNNB1","ADCY9","ADCY6","INSR","AP2A2","CREB3L4","ADCY8","COL4A1","FTH1"
"UGT1A8","ACSL5","ADH7","CYP39A1","VKORC1","COX4I1","CANT1","ALDH1B1","BAAT","AMY1C","HEXA","CHST11","B4GALT4","AGPAT6","PIGF","CYP2J2","PLA2G2C","FUT5","HADH","MTHFD1L",,"NT5C",,"ADH5","HMGCS1","PAPSS1","EPRS","HSD17B12","CFTR","RNA5S10","TACC3","CLP1","EXOSC6","ZNRD1","GTF2A2","MCM3","PPIH","POLL","ERCC3","ATM","DCLRE1C","PLCD3","CFTR","EGFR","MAPK14","ADCY2","CDKN2B","DDB2","WWP2",,"BET1L","ATG9B","E2F1","AP3S1","STAM2","AGXT","SLC38A9","CPT1B","TRAF3IP2","ADCY1","CSNK1E","ADRBK1","LATS2","COL1A1","COL4A5","CD226","MYL12A","A2M","DEFB4A","AKT2","FCER1A","CLTC","ADCY8","CHRM1","CYP2C9","OR51F2","PLA2G4E","CHRM3","ADCY9","DIO1","CREB1","ADCY7","PDX1","AP2B1","DCTN1","ADCY9","COL4A2","FTL"
"UGT1A7","OXSM","CPT1A","BAAT","COQ5","COX5B","CMPK2","ALDH9A1","ADO","AMY2A","HEXB","CHST15","B4GALT3","DGKK","PIGH","CYP3A4","PLA2G3","FUT6","HMGCL","GART",,"AOX1",,"ADH6","HMGCS2",,"FARSA","PTPLAD1","ABCB8","RNA5S11","NXF1","NUDT21","NUDT16","POLR1D","GTF2B","MCM4","CHERP","HMGB1","ERCC4","SYCP3","XRCC4","CHRM3","ADCY3","EIF4E","CTSD","ADCY3","CDKN2C","GADD45A","UBE2C",,"STX18","PIK3R4","PGAM5","TPP1","ARPC1A","ECH1","DVL1","CREB1","GADD45G","ADCY2","CSNK2A1","ADRBK2","NF2","COL1A2","COL4A6","CLDN16","CLDN16","F2","ELAVL1","FCGR2B","MS4A2","ATP6V1G3","ADCY9","CHRM2","CYP2C18","OR52R1","MAPK14","ADCY8","CREB1","DIO2","ATF2","ADCY8","IRS1","DNM1","DYNC1H1","SLC26A7","COL4A3","STEAP2"
"UGT1A6","OLAH","CPT1B","SCP2",,"COX6A1","UPRT","ALDH3A2",,"AMY2B","MAN2C1","CHPF2","B4GALT2","GPAT2","PIGG","ALOX15","ACOX1","FUT7","HMGCS1","AMT",,"NMNAT3",,"ADH7","IDI1",,"LARS2","ELOVL2","ABCC2","RNA5S12","RPP30","CPSF6","PABPC4L","POLR3K","GTF2E1","MCM5","SLU7","APEX1","ERCC5","UIMC1","XRCC5","CHRM5","RAPGEF4","EIF4EBP1","SGMS2","RAPGEF4","CDKN2D","RCHY1","BIRC8",,"STX17","IGBP1","RRAS2","CLN3","ARFGEF2","EHHADH","DVL2","ADRA1A","CHEK1","ADCY3","CSNK2A2","EVC","PAK1","COL2A1","COL6A1","CNTN1","CFTR","F2R","MAPK15","FOS","FCER1G","SLC32A1","NDUFA11","ADCY7","CYP2D6","OR4C46","CYP2J2","ADCY9","CREBBP","DIO3","ATF6B","ADCY9","KCNJ11","DNM2","DYNC1I1","CALML6","COL4A4","STEAP1"
"UGT1A5","ACSBG2","CPT2","AKR1D1",,"COX6A2","CTPS1","IL4I1",,"GPI","MAN2B1","CSGALNACT2","B3GNT7","MBOAT1","PIGX","PLA2G4F","PLA2G1B","GCNT2","HMGCS2","MTHFD2L",,"NNMT",,"RDH12","ACAT1",,"HARS2","PECR","ABCA13","RNA5S13","RPP38","MSI2","PABPC5","POLR2A","GTF2E2","MCM6","PRPF8","LIG1","ERCC6","POLD1","NHEJ1","CHRNA7","ADCY5","ENO1","S1PR1","ADCY5","ANAPC10","BBC3","ERCC8",,"USE1","BECN2","MRAS","CLN5","ARFGEF1","PAOX","DVL3","CREB3L4","CHEK2","ADCY5","CSNK2B","FBXW11","DCHS2","COL4A1","COL6A2","CLDN4","BVES","F2RL2","TAB2","RASGRP3","ALOX5","ATP6V0E2","CNR1","CHRM3","CYP2J2","OR4X2","TRPV3","ADCYAP1","CREB3L4","RCAN1","CREB3L4","RLN3","MAFA","ESR1","DYNC1I2","ADCY4","COL4A5","SLC40A1"
"UGT1A9",,"CYP4A11","HSD3B7",,"COX6B1","UPP2","HIBCH",,"PGM2L1","MANBA","CHST12","CHST2","DGKA","PIGV","PLA2G2D","PLA2G2A","B4GALT1","ACSM4","MTHFD1",,"PNP",,"CYP1A1","ACAT2",,"PARS2","BAAT","ABCA1","RNA5S14","PAIP1","PABPC4L","PNLDC1","POLR2B","GTF2F1","MCM7","USP39","LIG3","GTF2H1","POLD2",,"ADCY8","ADCY6","ENO2","S1PR3","ADCY6","MAD2L2","SESN1","UBE2J2",,"BNIP1","PIK3C3","FOXO3","CLTA","STAMBP","EPHX2","EIF4B","EEF2","LIN54","ADCY6","NOTUM","GPR161","MOB1A","COL4A2","COL6A3","CLDN3","TUBA3E","F3","FOS","DAPP1","ALOX5AP","AP2A1","SLC32A1","CHRM4","DDC","OR4B1","CALML6","ADCYAP1R1","CTNNB1","EP300","CYP11A1","RXFP2","PIK3CA","PLCB1","DYNC1LI2","PLCB1","COL4A6","HMOX1"
"UGT1A4",,"ECI1","ACOX2",,"COX6C","DCK","ACAD8",,"GYG1","NEU1","CSGALNACT1",,"DGKB","PGAP1","PLA2G4D","PLA2G4A","ABO","ACSM2B","MTHFR",,"NT5E",,"CYP1A2","MVD",,"GARS","ELOVL5","ABCA2","RNA5S15","NUP50","PABPC5","DDX6","POLR2C","GTF2F2","PCNA","SRSF10","MPG","GTF2H2","POLD4",,"ADCY9","CHRM1","ENO3","CERS3","ADCY7","STAG2","SFN","UBE2QL1",,"STX1A","ATG16L1","GABARAPL1","CLTB","RAB10","ABCD1","EIF4E","EIF4EBP1","MAPK14","ADCY7","CTBP1","GAS1","SAV1","COL4A3","COL9A1","CLDN7","TUBA3D","F5","FOSB","GRB2","FYN","AP2A2","MAPK14","CHRM5","HTR3C","OR52M1","ADCY4","CREB1","CALML6","AKT1","CYP11B2","COL1A1","PIK3CB","ATP1B4","GNAS","ATP1B4","COL5A1","HMOX2"
"UGT1A1",,"ECHS1","CH25H",,"COX7A1","DCTD","ACAA1",,"GYS1","NEU2","CHST7",,"DGKG","PIGZ","PLA2G2E","PLA2G5","A4GALT","ACADS","MTR",,"NT5C3A",,"CYP2A6","MVK",,"GATC","SCD","ABCA3","RNA5S16","POP4","CSTF1","DCP2","POLR2D","GTF2H1","POLE3","TXNL4A","MUTYH","GTF2H3","BARD1",,"ADORA2A","CHRM2","EP300","AKT1","ADCY8","PTTG2","APAF1","UBE2F",,"STX3","WIPI1","BCL2L13","CLTC","EHD1","ACSL1","EIF4EBP1","ELAVL1","RAD9B","ADCY8","CTBP2","GLI1","STK3","COL4A4","COL9A2","CLDN23","SYNPO","F7","IL17RA","GSK3B","PLA2G4F","AP2B1","ADCY4","CHRNA3","DUSP1","OR52K2","F2RL1","ATF2","DCT","AKT2","CYP21A2","COL1A2","PIK3CD","DNM3","AQP2","GAST","COL5A2","SLC6A19"
"UGT1A3",,"EHHADH","CYP7B1",,"COX7A2","POLR3H","HSD17B10",,"GYS2","GBA2","XYLT1",,"DGKH","PIGO","PLA2G2C","PLA2G2F","ST3GAL4","ACAT1","ATIC",,"ENPP1",,"CYP3A7","PCYOX1",,"HARS","ACOT1","ABCD1","RNA5S17","RPP40","CSTF2","DHX36","POLR2E","GTF2H2","POLA1","TCERG1","NTHL1","GTF2H4","RAD51",,"ADORA2B","ADCY7","EPO","AKT2","ADCY9","GADD45G","IGF1","UBE2U",,"STX4","ATG2B","CSNK2A3","AP1S3","RAB35","ACSL3","FLCN","CRTC2","HIPK4","ADCY9","CTNNB1","GLI2","TEAD1","COL4A5","COL9A3","VCAN","WHAMM","F8","TAB3","BLNK","LAT","DNM1","GABRR3","CHRNA4","HTR3D","OR5P2","PLCB1","ATF6B","DVL1","ESR1","CALML6","COL3A1","PIK3R1","GNAQ","AQP3","GNAI1","COL6A1","MT1A"
"MIOX",,"ALDH2",,,"COX7B","DHODH","HADHA",,"HK1","ENGASE","XYLT2",,"DGKQ","PIGY","PLA2G3","PLA2G12A","ST3GAL3","ACAT2","SHMT1",,"ENPP3",,"CYP2B6","PDSS2",,"IARS","ELOVL6","ABCB7","putative exonuclease GOR","RNPS1","CSTF3","DCP1B","POLR2F","GTF2H3","POLD1","SRSF8","OGG1","RPA4","RAD51C",,"ADRA1D","ADCY8","ERBB2","FCER1A","PLA2G4E","DBF4","IGFBP3","DDB1",,"STX5","PPP2CA","ATG9B","HGSNAT","RAB31","ACSL4","AKT1","AKT1","CALML6","PLA2G4E","PRICKLE2","GLI3","TEAD4","COL4A6","COMP","CTLA4","CLDN4","F9","IL17C","HRAS","PLA2G4D","DNM2","FAAH","CHRNA7","PLCB1","OR5P3","ALOX12","GPR119","DVL2","FOXO1","AGTR1","COL4A1","PIK3R2","GNAS","AQP4","GNAI2","COL6A2","MT1B"
"UGT2A2",,"ACSL1",,,"COX7C","DPYD","HADHB",,"HK2",,"CHPF",,"PPAPDC1A","GPAA1","PLA2G1B","ACOX3","ST8SIA1","OXCT1","SHMT2",,"NMRK1",,"CYP2C8","DHDDS",,"KARS","SCD5","ABCD2","RCL1","POP1","ETF1","ENO1","POLR2G","GTF2H4","POLD2","SF3A3","PCNA","LIG1","RAD51B",,"ADRA1B","ADCY9","AKT1","MS4A2","DGKK","YWHAQ","FAS","DDB2",,"VAMP1","PPP2CB","TBK1","CTNS","WWP1","ABCD2","AKT2","AKT2","GADD45A","ADORA2A","DVL1","GSK3B","TEAD3","COL6A1","COL6A6","CLDN19","CLDN3","F10","IL17B","IKBKB","GRB2","STX2","DAGLB","ADCY8","ALOX12","OR8I2","PLA2G4F","CREB3L4","DVL3","PLCB1","ADCY4","COL4A2","PKLR","KLK1","ARHGDIA","GNAI3","COL6A3","MT1E"
"UGDH",,"ACSL3",,,"COX8A","DPYS","HADH",,"HK3",,"CHST3",,"ALDH2","DPM2","PLA2G2A","PLA2G6","B3GNT4","HMGCLL1","TYMS",,"NADSYN1",,"CYP2C9","IDI2",,"MARS","ACOX3","ABCB10",,"NUPL2","CASC3","ENO2","POLR2H","GTF2I","POLE","SF3B2","POLE3","GTF2H5","RAD51D",,"ADRA1A","GRIN3A","AKT2","FCER1G","PIK3R6","CHEK1","CD82","UBOX5",,"VAMP2","RPTOR","HIF1A","CTSB","SNF8","ACSL6","RNF152","FASN","E2F1","ADORA2B","DVL2","SPOPL","FAT4","COL6A2","DAG1","TIGIT","CLDN7","F11","TBK1","INPP5D","HRAS","RIMS1","NAPEPLD","CHRNB2","ALOX5","OR2D3","GNAQ","KCNU1","EDN1","MED13L","DAGLB","COL4A3","PKM","KLK2","ARHGDIB","GNAQ","COL7A1","MT1F"
"UGT2B4",,"ACSL4",,,"COX10","DTYMK","HMGCL",,"ENPP1",,,,"ALDH1B1","PIGQ","PLA2G4A","PLA2G10","B3GNT5","ACSM5",,,"NT5M",,"CYP2C18","GGPS1",,"TRNC","PTPLA","ABCB9",,"RPP14","NCBP2","ENO3","POLR2I","TBPL2","POLE2","SNRNP27","POLB","MNAT1","RAD52",,"ADRB1","GRIN3B","ALDOA","PLCB1","DGKA","CHEK2","MDM2","TRIM32",,"VAMP7","ATG101","HRAS","CTSD","VPS26B","MLYCD","LPIN1","FBP1","E2F2","MYL6B","DVL3","IHH","FRMD1","COL6A3","LAMB4","ALCAM","CLDN23","F12","CXCL1","INPPL1","IL3","UNC13A","RIMS1","CHRNB4","ALOX12B","OR2D2","GNAS","ADCY4","EDNRB","ATP1B4","PLCB1","COL4A4","PRKCD","ATP1A1","ARHGDIG","GNAS","COL9A1","MT1G"
"UGT2B7",,"ALDH1B1",,,"COX11","DUT","HMGCS1",,"ENPP3",,,,"ALDH9A1","PIGM","PLA2G5","PLA2G12B","B4GALT4","BDH2",,,"NMNAT1",,"RDH10","RCE1",,"TRNA","FADS2","ABCA6",,"STRAP","ACIN1","PATL1","POLR2J","GTF2H5","PRIM1","LSM6","POLD1","PCNA","RBBP8",,"ADRB2","ADCYAP1R1","FLT1","FYN","DGKB","CREBBP","MDM4","RHOBTB2",,"STX7","MLST8","RAB7B","CTSE","VPS45","AMACR","ATP6V1C2","FOXO1","E2F3","ADRA1D","EP300","KIF7","RASSF4","COL9A1","ITGA11","NLGN4Y","MYL6B","F13A1","CXCL2","JUN","IL4","ATP6V0A2","PLCB1","ADCY9","ALOX15","OR52W1","PLA2G4D","PLCB1","ADCY4","MTOR","PRKD3","COL4A5","PRKCE","ATP1A2","NSF","HRH2","COL9A2","MT1H"
"UGT2B10",,"ALDH9A1",,,"COX15","TYMP","HMGCS2",,"PGM1",,,,"ALDH3A2","PIGS","PLA2G2F","PLA2G4C","B4GALT3","BDH1",,,"NADK",,"CYP3A4",,,"TRND","TECR","ABCA5","MPHOSPH10","DDX20","SMG1","XRN2","POLR2K","MNAT1","PRIM2","DDX42","POLD2","POLE3","RPA1",,"ADRB3","CNGB1","MTOR","CERS6","DGKG","GADD45A","GADD45B","FBXW11",,"VAMP8","ATG3","JUN","CTSG","ACAP3","MPV17L","MTOR","FOXO3","E2F4","ADRA1B","GPC4","LRP2","TEAD2","COL9A2","SV2C","NTNG1","CLDN19","F13B","CXCL3","KRAS","IL5","ATP6V0D2","SLC17A8","CREB1","ALOX15B","OR56A4","HRH1","ATP1B4","EP300","SIN3A","PRKD2","COL4A6","PRKCZ","ATP1A3","DYNC1LI1","MYLK4","COL9A3","MT1M"
"UGT2B15",,"ALDH3A2",,,"CYC1","AK9","AOX1",,"PGM2",,,,"AKR1B1","PIGL","PLA2G12A","JMJD7-PLA2G4B","B4GALT2","ACSM3",,,"BST1",,"CYP3A5",,,"TRNE",,"ABCA4","AK6","XPOT","CSTF2T","DIS3","POLR2L","TAF9B","POLE4","U2AF2","POLE","POLD1","RPA2",,"CALML6","CNGA1","EIF4E1B","SGMS1","DGKH","E2F1","ATM","MGRN1",,"VAMP4","ATG9A","KRAS","CTSH","ARAP2","PRDX5","RICTOR","TBC1D1","E2F5","ADRA1A","DKK1","ARRB1","AJUBA","COL9A3","FN1","NLGN1","IGSF5","FGA","GSK3B","LYN","IL13","ATP6V1C2","GABRA1","PIK3R6","PLA2G4F","OR56A1","HTR2A","GCG","PLCB1","GATA4","GNA11","CREB1","MAPK1","ATP1A4","DCTN4","ITPR1","COL10A1","MT1X"
"UGT2B17",,"ACSBG1",,,"ATP6V0E2","TWISTNB","ACADM",,"GBA3",,,,"LPIN1","PIGB","PLA2G6","FADS2","B3GALNT1","OXCT2",,,"NUDT12",,"CYP4A11",,,"TRNF",,"ABCA12","POP7","CLNS1A","SMG6","EXOSC7","POLR2J3","TAF7L","POLD4","RBMXL3","POLE2","POLD2","RPA3",,"DRD1","CNGA2","GAPDH","GNA12","DGKQ","E2F2","RRM2B","NEDD4L",,"STX16","ATG10","NBR1","CTSK","ARAP1","HACL1","EIF4E1B","SIRT1","EIF4EBP1","KCNU1","DAAM1","ARRB2","DCHS1","COMP","COL6A5","NFASC","MARVELD2","FGB","USP25","NFATC1","INPP5D","SLC17A8","GABRA2","CREB3L4","GABRB1","OR2AP1","HTR2B","GCK","FZD2","KAT2A","GNAQ","ATF2","MAPK3","ATP1B1","DYNC2LI1","ITPR2","COL11A1","MT2A"
"UGT2A3",,"ACSL6",,,"COX7B2","NT5C2","ACADS",,"G6PC2",,,,"LCLAT1",,"PLA2G10",,"B3GALT2","AACS",,,"NT5C1A",,"AWAT2",,,"TRNG",,"ABCB5","EMG1","NUP35","SMG5","CNOT1","POLR3B","TAF1","RFC1","HNRNPA1L2","NEIL3","POLE","BLM",,"DRD5","CNGA3","ANGPT1","GNAI1","DNM1","E2F3","SERPINE1","CBLC",,"STX11","ATG4C","MITF","CTSL","AGAP2","DECR2","FZD2","MLYCD","HIPK1","CYP4A11","PLCB1","DHH","LIMD1","COL6A6","GP1BA","ICOSLG","AMOT","FGG","HSP90AA1","NFATC2","KRAS","DNM3","GABRA3","ADCY4","GABRB2","OR10P1","HTR2C","GIP","GNAI1","MED4","GNAS","ATF6B","MAPK8","ATP1B2","AVP","ITPR3","COL11A2","ATOX1"
"RGN",,"GCDH",,,"ATP6V0A2","POLA2","ACADSB",,"PYGB",,,,"DAK",,"PLA2G12B",,"B3GALT1","ALDH5A1",,,"NT5C1B",,"CYP26A1",,,"TRNH",,"ABCC6","NXF1","PABPC4L","GSPT2","EXOSC2","POLR3E","TAF2","RFC2","CCDC12","POLE4","POLE2","BRCA1",,"AGTR1","CNGA4","ANGPT2","GNAI2","DNM2","E2F4","SHISA5","PPIL2",,"STX10","ATG4D","BECN2","CTSV","AGAP1","NUDT7","RPS6KA6","MTOR","AKT1","CALML6","FBXW11","CDON","LATS1","CRK","GP1BB","CLDN14","AMOTL1","SERPIND1","HSP90AB1","NFATC3","LCP2","CPLX4","GABRA4","AKT1","GABRB3","OR10AD1","IGF1","KCNMB3","GNAI2","GSK3B","NR4A1","MAPK14","MAPK9","ATP1B3","AVPR2","KCNJ1","COL12A1","ATP1A1"
,,"CYP4A22",,,"ATP6V0D2","POLR2J2","IVD",,"PYGL",,,,"GK",,"PLA2G4C",,,"L2HGDH",,,"NAPRT1",,"SDR16C5",,,"TRNI",,"ABCC1","NOP56","RPP25L","UPF2","SKIV2L2","POLR1E","TAF4","RFC3","ZMAT2","POLD4","POLE4","SSBP1",,"EDNRA","ADORA1","MKNK2","GNAI3","AGTR1","E2F5","GTSE1","CDC26",,"SNAP23","BECN1","ATF4","CTSO","AGAP3","ACAA1","GRB2","G6PC","AKT2","AGTR1","FRAT2","SUFU","MOB1B","CRKL","GP5","CADM1","DLG1","CFH","IFNG","NFKB1","LYN","UNC13C","GABRA5","AKT2","CYP4X1","OR10A7","IL1B","KCNMB4","GNAI3","HDAC1","HSD3B1","CREB3L4","MAPK10","FXYD2","PRKACA","KCNJ2","COL13A1","ATP1A2"
,,"ACAA1",,,"ATP6V1C2","POLR1A","ACAT1",,"PYGM",,,,"GK2",,"JMJD7-PLA2G4B",,,,,,"CD38",,"ALDH1A1",,,"TRNK",,"ABCB1","RPP30","PABPC5","DAZAP1","EDC4","POLR3D","TAF4B","RFC4","DDX5","TDG","POLD4","BRCA2",,"EDNRB","ADORA2A","HIF1A","GNAQ","LPAR1","EP300","SERPINB5","ANAPC13",,"VAMP3","ATG12","NRAS","CTSS","AP2M1","HMGCL","GRB10","PPP2R3B","ETS1","EDNRA","DAAM2","CSNK1G1","RASSF2","CTNNB1","GP9","CLDN15","DLG2","CFI","IKBKB","NFKBIA","NRAS","NSF","GABRA6","PLCB1","GNAI1","OR4K14","IL1R1","GLP1R","GNAO1","HDAC2","HSD3B2","EDN1","SLC2A2","ATP2B1","PRKACB","KCNJ10","COL15A1","ATP1A3"
,,"HADHA",,,"PPA2","NME7","ACAT2",,"SI",,,,"GLA",,,,,,,,,,"CYP2S1",,,"TRNL1",,"ABCB4","RPP38","EEF1A1","PABPC1","LSM5","POLR1B","TAF5","RFC5","DHX8","UNG","RAD23A","TOP3A",,"EGFR","CREB1","HK1","PPP2R3B","EGF","ORC6","PMAIP1","RCHY1",,"SNAP29","ATG5","PARK2","CTSW","AP2S1","HSD17B4","LAMTOR2","EEF2K","RRAS2","ADCY4","FZD2","PRKACA",,"DIAPH1","LAMA1","NEGR1","DLG3","ITGAM","IL1B","NFKBIB","PDPK1","ATP6V0A4","GABRB1","FOS","GNAI2","OR4L1","IL1RAP","PCLO","GNAQ","HIF1A","ITPR1","EDNRB","SLC2A4","PLCB2","PRKACG","KCNJ15","COL17A1","ATP1A4"
,,"HADHB",,,"UQCRQ","NT5C","ALDH6A1",,"UGP2",,,,"MOGAT3",,,,,,,,,,"AOX1",,,"TRNL2",,"ABCD3","TBL3","EEF1A2","PPP2R3B","CNOT6L","POLR3GL","TAF6","RPA1","DHX15","XRCC1","RAD23B","XRCC2",,"ADCY4","CREBBP","HK2","CERS2","EGFR","ORC3","CYCS","HERC4",,"STX8","ULK2","FIS1","CTSZ","ZFYVE27","IDH1","GSK3B","GYS1","MRAS","PLCB1","BAMBI","PRKACB",,"DOCK1","HMMR","PVRL3","CTTN","ITGAX","IL4","NFKBIE","PIK3CA","ATP6V1D","GABRB2","PIK3R5","GNAI3","OR11H6","ITPR1","GNA11","GNAS","HRAS","ITPR2","EGFR","ABCC8","PLCB3","RAB5A","KCNJ16","COL6A6","ATP1B1"
,,"HADH",,,"UQCR10","ZNRD1","MUT",,"HKDC1",,,,"LIPC",,,,,,,,,,"DHRS4L2",,,"TRNM",,"ABCD4","POP4","EIF1AX","SSU72","PAN3","POLR1C","TAF7","RPA2","U2AF1L4","NEIL1","RFC1","XRCC3",,"ERBB2","GPR119","HK3","HRAS","ADCY4","CDC26","ATR","FBXO2",,"GOSR1","ATG13","TOMM7","AP1B1","CLTA","IDH2","HRAS","GYS2","FOXM1","ARHGEF12","CACYBP","PRKACG",,"EGF","HSPG2","CNTNAP2","ERBB2","ITGB2","IL5","NRAS","PIK3CB","ATP6V1H","GABRB3","FYN","GNAO1","SLC24A4","ITPR2","GNAQ","GSK3B","ITGAV","ITPR3","ADCY4","TNF","PLCB4","RAB5B","KCNK2","CPA1","ATP1B2"
,,"ACADL",,,"COX8C","NUDT2","ALDH7A1",,"GYG2",,,,"LPL",,,,,,,,,,"CYP26C1",,,"TRNN",,"ABCG4","RPP40","EIF2S1","NXT1","LSM4",,"TAF9","RPA3","HNRNPA3","MBD4","RFC2","BRCC3",,"ERBB3","CREB3L4","HMOX1","ACER2","AKT1","ABL1","STEAP3","FBXW8",,"SEC22B",,"RHOT1","AP1G1","CLTB","GSTK1","IGF1","ACACA","FOXO1","PLA2G4F","DKK4","SMURF1",,"EGFR","TNC","CLDN17","MYH15","KLKB1","IL6","PIK3CA","PIK3CD","ATP6V1A","GABRD","GNA11","GNAQ","OR4D2","ITPR3","GNAS","HRAS","ITGB3","KCNK3","AKT1","CACNA1A","PRKACA","RAB5C","KCNQ1","CPA2","ATP1B3"
,,"ACADM",,,"NDUFS7","ENTPD8","OXCT1",,"MGAM",,,,"ALDH7A1",,,,,,,,,,"RDH8",,,"TRNP",,"ABCG5","UTP14A","EIF2B1","GSPT1","CNOT10",,"TAF10","SSBP1","PUF60",,"RFC3","PALB2",,"ERBB4","ADRB1","IFNG","KRAS","AKT2","ANAPC13","PIDD1","FBXO4",,"GOSR2",,"AMBRA1","AGA","CLTC","NUDT19","IGF1R","HMGCR","FOXO3","PLA2G2D","DKK2","PTCH1",,"ELK1","IBSP","GLG1","NEDD4L","KNG1","CXCL8","PIK3CB","PIK3R1","ATP6V1B1","GABRE","GNAI1","GNAS","CNGB1","ASIC2","FFAR1","KIT","KRAS","LDLR","AKT2","CACNA1B","PRKACB","CREB3L2","SLC9A4","CPA3","FXYD2"
,,"ACADS",,,"UQCRHL","NME1","PCCA",,"G6PC3",,,,"PNLIP",,,,,,,,,,"RDH11",,,"TRNQ",,"ABCG8","WDR3","EIF2S3","CPSF1","PABPC1",,"TAF11","RNASEH2B","NCBP2",,"RFC4","SHFM1",,"F2R","ADRB2","IFNGR1","RHOA","F2R","SMC1B","RPRM","UBE2S",,,,"MFN1","DNASE2","CCR5","MPV17","IKBKB","HNF4A","FBXW11","KCNMB3","INVS","CCND1",,"ERBB2","ITGA6","CD274","ARHGEF18","MBL2","IL13","PIK3CD","PIK3R2","ATP6V1B2","GABRG1","GNAI2","GNB1","OR7D4","ASIC1","INS","KRAS","MDM2","LIPE","FIGF","CACNA1C","PRKACG","STX4","MYLK","CPB1","SLC11A2"
,,"ACADSB",,,"ATP6","NME2","PCCB",,"LOC93432",,,,"PNLIPRP1",,,,,,,,,,"BCMO1",,,"TRNR",,"ABCC8","POP1","EIF4A1","PABPC1L2A","LSM1",,"TAF12","RNASEH2C","SNW1",,"RFC5","MUS81",,"PTK2B","CALML6","IFNGR2","MAP3K5","PTK2B","SFN","PTEN","PRPF19",,,,"MAPK8","ABCA2","CHMP4B","MVK","INS","ACACB","SIRT1","KCNMB4","CSNK2A3","BCL2",,"AKT1","ITGA1","ICOS","SCRIB","CD46","IL17A","PIK3R1","PLA2G4A","ATP6V0C","GABRG2","GNAI3","GNB2","OR7G1","NGF","PDX1","MC1R","MYC","MC2R","PLCB1","CACNA1D","PRKCA","VAMP2","ATP1A1","CPB2","ATP2B1"
,,"ACADVL",,,"ATP8","NME3","HMGCLL1",,,,,,"PNLIPRP2",,,,,,,,,,"UGT2B28",,,"TRNS1",,"TAP1","WDR36","EIF4A2","PABPN1L","LSM3",,"TAF13",,"ACIN1",,"RPA1","BRIP1",,"P2RX2","DRD1","IGF1","ASAH1","FCER1A","GSK3B","BAI1","ANAPC2",,,,"MAPK9","ARSG","GRK7","NOS2","INSR","IGF1","MTOR","GNA11","GSK3B","HHIP",,"AKT2","ITGA2","HLA-A","CLDN14","SERPINC1","CXCL10","PIK3R2","PLCG1","ATP6V1C1","GABRG3","GNAO1","GNB3","OR1M1","NTRK1","ITPR3","KITLG","MYH6","ATF1","FOS","CACNA1E","PRKCB","DYNC2H1","ATP1A2","CTRB1","ATP7A"
,,"ACAT1",,,"COX1","NME4","AUH",,,,,,"AGPAT5",,,,,,,,,,"UGT1A10",,,"TRNS2",,"TAP2","RPP25L","EIF4B","MAGOH","DCPS",,"TBP",,"SNRNP200",,"RPA2","FAM175A",,"PLCB1","DRD2","IGF1R","ABCC1","MS4A2","ANAPC2","BAX","ANAPC4",,,,"MAPK10","GGA2","VPS37A","PRDX1","IRS1","IGF1R","GATA4","GNA12","APC","SHH",,"FIGF","ITGA2B","HLA-B","CLDN15","SERPINE1","JUN","PLCG2","PLCG2","ATP6V1E1","GABRP","GNAQ","GNG3","CNGA2","P2RY2","KCNJ11","MITF","ATP1A1","ATF4","SHC2","HKDC1","PRKCG","DCTN5","ATP1A3","CTRL","TRPM7"
,,"ACAT2",,,"COX2","PNP","MCCC1",,,,,,"AGK",,,,,,,,,,"UGT1A8",,,"TRNT",,"ABCC11","CSNK2A1","EIF4E","MSI1","CNOT7",,"GTF2H2C",,"U2SURP",,"RPA3","RAD54L",,"GNA11","DRD5","IL6","NFKB1","FCER1G","ANAPC4","CCND1","UBE2K",,,,"RELA","GGA3","PIP5KL1","ACOX1","KRAS","INS","LIN9","GNAQ","JUN","SMURF2",,"LAMB4","ITGA3","HLA-C","GATA4","SERPINB2","JUND","PPP3CA","PRKCA","ATP6V0B","GABRR1","GNB1","GNG4","CNGA3","TRPV2","KCNMA1","ASIP","ATP1A2","NPR1","GNA15","IRS4","TRPV5","CREB3L3","ATP1A4","COL22A1","TRPV6"
,,"ALDH7A1",,,"COX3","NT5E","BCAT1",,,,,,"AGPAT3",,,,,,,,,,"UGT1A7",,,"TRNV",,"ABCB11","CSNK2A2","EIF4EBP1","NCBP1","HSPA9",,"GTF2H2C_2",,"SF3B3",,"GTF2H2C","TOP3B",,"GNA15","EDNRA","IL6R","NOS3","RRAS2","HDAC1","RRM2","AIRE",,,,"BCL2L1","AP4E1","WIPF2","HAO2","RHOA","INSR","HIPK2","GNAS","RHOA","SMO",,"ITGA11","ITGA4","HLA-DMA","CLDN17","SERPINA5","LCN2","PPP3CB","MAPK1","ATP6V1G2","GABRR2","GNB2","GNG5","CNGA4","ASIC5","KCNMB1","NRAS","ATP1A3","NR4A2","GNAI1","PIK3R3","PTH1R","DYNLL1","ATP1B1","DPP4","SLC39A4"
,,"ACOX1",,,"CYTB","RRM2B","BCAT2",,,,,,"AGPAT4",,,,,,,,,,"UGT1A6",,,"TRNW",,"ABCC3","CSNK2B","EIF4EBP2","PABPC3","HSPD1",,"TAF15",,"SF3B1",,"GTF2H2C_2","BRE",,"GNAL","ADCY4","INS","NRAS","MRAS","HDAC2","BID","BIRC2",,,,"RRAS","ABCB9","VPS37D","PIPOX","LAMTOR4","IRS1","SLC25A4","PLA2G4D","LRP6","SPOP",,"FLNA","ITGA5","HLA-DMB","TJP3","SERPINA1","MMP1","PPP3CC","MAPK3","ATP6V0A1","GNAI1","GNB3","GNG7","OR1I1","CALML5","KCNN1","LEF1","ATP1A4","KCNK9","GNAI2","SOCS1","BDKRB2","RAB11A","ATP1B2","ELN","MT1HL1"
,,"ACSL5",,,"ND1","POLR1D","BCKDHA",,,,,,"AKR1B10",,,,,,,,,,"UGT1A5",,,"TRNY",,"ABCC10","SPATA5","EIF4G1","PCF11","PABPC1L2A",,"TAF3",,"LSM5",,"XPA",,,"GNAQ","EP300","INSR","OPRD1","PLCB1","MAD2L1","TP53AIP1","BIRC3",,,,"TBC1D15","ATP6V0A2","ADRBK1","PEX5L","LRP6","LEP","SLC25A5","CYP4A22","LRP5","CUL3",,"FLNB","ITGA7","HLA-DOA","HCLS1","PLAT","MMP3","PPP3R1","MAPK8","SLC17A7","GNAI2","GNG3","GNG10","OR10H4","PIK3CA","KCNN2","WNT16","ATP1B1","PDE2A","GNAI3","IRS2","SLC8A1","CREB3L1","ATP1B3","SLC36A1","SLC26A6"
,,"ACSBG2",,,"ND2","NT5C3A","BCKDHB",,,,,,"PNPLA2",,,,,,,,,,"UGT1A9",,,"NARS",,"ABCC12","DKC1","EIF4G2","CPSF3","ENO4",,"CCNH",,"PRPF6",,"XPC",,,"GNAS","AKT1","ENO4","PDPK1","PIP5K1C","SMAD2","PERP","XIAP",,,,"PINK1","PLA2G15","ADRBK2","ACSL5","LRP5","LEPR","SLC25A6","GUCY1A2","SMAD3","CUL1",,"FLNC","ITGA9","HLA-DOB","HSPA4","PLAU","MMP9","PPP3R2","MAPK11","SLC17A6","GNAI3","GNG4","GNG11","OR2M5","PIK3CB","KCNN3","CALML5","ATP1B2","CALML5","GNAO1","SOCS2","VDR","RAB11B","ATP4A","SLC7A8","SLC5A1"
,,"ACOX3",,,"ND3","ENPP1","OXCT2",,,,,,"GPAM",,,,,,,,,,"UGT1A4",,,"YARS2",,"ABCG2","FBL","EIF5","PELO","CNOT2",,"TBPL1",,"PRPF40B",,"CUL4B",,,"GRIN1","AKT2","LDHA","PIK3CA","PIK3R5","SMAD3","RFWD2","NHLRC1",,,,"BNIP3","ATP6V0D2","AP2A1","PEX1","NRAS","LIPE","HLA-A","GUCY1A3","SMAD4","PTCH2",,"FLT1","ITGAV","HLA-DPA1","ITGB1","PLAUR","MMP13","PRKCB","MAPK9","RAB3A","GNAO1","GNG5","GNGT1","OR2M3","PIK3CD","KCNN4","PLCB2","ATP1B3","PLCB2","GNAS","CACNA1G","CALB1","CREB5","ATP4B","CELA3B","SLC8A1"
,,,,,"ND4","ENPP3","MCCC2",,,,,,"LPIN3",,,,,,,,,,"UGT1A1",,,"SEPSECS",,"ABCG1","XRN2","CASC3","CPSF2","CNOT3",,"GTF2IRD1",,"LSM4",,"CUL4A",,,"GRIN2A","F2R","ARNT","PIK3CB","LPAR3","SMAD4","ZMAT3","UBE2NL",,,,"BNIP3L","FUCA1","DAB2","PEX6","TBC1D7","RAB8A","HLA-B","GUCY1B3","MMP7","CCND2",,"FLT4","ITGB1","HLA-DPB1","JUN","PLG","MUC5AC","MAPK1","MAPK10","CPLX3","GNAQ","GNG7","GNGT2","OR2T12","PIK3R1","ATF4","PLCB3","NOTCH1","PLCB3","GNB1","SOCS3","CLTCL1",,"CALML5","ATP1B4","SLC9A3"
,,,,,"ND4L","CMPK1","AGXT2",,,,,,"MOGAT2",,,,,,,,,,"UGT1A3",,,"LARS",,,"WDR43","NCBP2","PNN","CNOT4",,,,"SYF2",,"CCNH",,,"GRIN2C","RRAS2","LTBR","PIK3CD","MTOR","MCM2","SIAH1","MDM2",,,,"SP1","GAA","AP2A2","PEX7","ATP6V1D","PCK1","HLA-C","PLA2G2E","MYC","BTRC",,"FN1","ITGB3","HLA-DQA1","RHOA","SERPINF2","NFKB1","MAPK3","MAPK13","SLC18A1","GNB1","GNG10","PLA2G4D","OR14C36","PIK3R2","ATP1A1","PLCB4","NOTCH2","PLCB4","GNB2","ADIPOQ","RAB11A",,"PLCB2","COL24A1","TF"
,,,,,"ND5","POLR3K","AACS",,,,,,"PNPLA3",,,,,,,,,,"RETSAT",,,"PET112",,,"MDN1","ACIN1","PPP1CA","PABPC3",,,,"PRPF31",,"RBX1",,,"GRIN2D","ATP1B4","NFKB1","PIK3R1","FYN","MCM3","THBS1","MAP3K1",,,,"SRC","MFSD8","AP2B1","PEX10","WNT16","PCK2","HLA-E","MYLK4","NFATC1","BOC",,"PIP5K1C","ITGB4","HLA-DQA2","LLGL2","PROC","NFKBIA","MAP2K1","MAP2K1","SLC18A2","GNB2","GNG11","HTR3E","OR2T34","PLA2G4A","ATP1A2","WNT4","NOTCH3","PRKACA","GNB3",,"KL",,"PLCB3","COL6A5","VDR"
,,,,,"ND6","UPB1","MCEE",,,,,,"PPAPDC1B",,,,,,,,,,"CYP26B1",,,"SARS2",,,"GTPBP4","NUP205","PPP1CB","PARN",,,,"RNU6-1",,,,,"SLC25A4","FOS","NOS2","PIK3R2","GAB1","MCM4","TP53","MID1",,,,"TFE3","GALC","DNM1","PEX12","ATP6V1H","ADIPOR1","HLA-F","ARAF","NFATC2",,,"FYN","ITGB5","HLA-DQB1","LLGL1","PROS1","ANAPC5","MAP2K2","MAP2K2","SLC18A3","GNB3","GNGT1","HRAS","OR2T10","PLCB2","ATP1A3","POMC","NOTCH4","PRKACB","GNG3",,,,"PLCB4","SLC6A19","SLC30A1"
,,,,,"NDUFA1","POLE3",,,,,,,"DGAT2",,,,,,,,,,"UGT2A2",,,"DARS2",,,"REXO2","CYFIP1","PPP1CC","EXOSC3",,,,"LSM3",,,,,"GRM1","FSHB","NOS3","PLCB2","PLA2G4F","MCM5","TP73","TRIM37",,,,"TP53","GALNS","DNM2","PEX13","PDPK1","PRKAG2","HLA-G","ITPR1","NFATC3",,,"COL6A5","ITGB6","HLA-DRA","MAP3K1","MASP1","IL17D","PTPN6","MAP2K3","SNAP25","GNG3","GNGT2","HTR1A","OR2T4","PLCB3","ATP1A4","PRKACA","FXYD2","PRKACG","GNG4",,,,"KCNK10","KCNJ13","S100G"
,,,,,"NDUFA2","POLA1",,,,,,,"AGPAT9",,,,,,,,,,"RDH5",,,"QRSL1",,,"GNL3","NUP210","PPP2R3C","EXOSC1",,,,"RBMXL2",,,,,"GRM5","FSHR","NPPA","PLCB3","SHC2","MCM6","TSC2","NEDD4",,,,"UBB","GGA1","EGFR","PEX14","CAB39","RAB14","HRAS","ITPR2","NFATC4",,,"SHC2","ITGB7","HLA-DRB1","MAP3K5","BDKRB1","IL17RB","RAC1","MAP2K6","STX1A","GNG4","HRAS","HTR1B","OR2T11","PLCB4","ATP1B1","PRKACB","ATP2A2","PRKCA","GNG5",,,,"PRKACA","KCNN4","CYBRD1"
,,,,,"NDUFA3","POLD1",,,,,,,"LIPF",,,,,,,,,,"RPE65",,,"IARS2",,,"SNORD3B-1","NUP160","MAGOHB","LSM7",,,,"RBMX",,,,,"SLC25A5","GABBR1","SERPINE1","PLCB4","DNM3","MCM7","CASP3","PARK2",,,,"RAB7A","GBA","EPS15","PHYH","ATP6V1A","PDPK1","HUS1","ITPR3","SOST",,,"LAMA1","ITGB8","HLA-DRB3","RAB8A","BDKRB2","MAPK1","RAC2","MAP2K7","STX3","GNG5","ITPR1","HTR1D","OR10J5","PLCG1","ATP1B2","PRKACG","NRAS","PRKCB","GNG7",,,,"PRKACB","KCNQ1","HEPH"
,,,,,"NDUFA4","POLD2",,,,,,,"DGKZ",,,,,,,,,,"DHRS4L1",,,"RARS2",,,"RRP7A","FMR1","PPP2CA","LSM8",,,,"PRPF19",,,,,"GRPR","AMH","ANGPT4","PLD1","CYTH4","MDM2","SESN2","FZR1",,,,"ATG9A","SLC17A5","FGFR3","HAO1","ATP6V1B1","CAB39","IGFBP3","KCNMA1","LEF1",,,"GRB2","AGRN","HLA-DRB4","MLLT4","CFB","MAPK3","RAC3","RAC1","STXBP1","GNG7","ITPR2","HTR1E","OR2B11","PLCG2","ATP1B3","PRKCA","PLCE1","PRKCE","GNG10",,,,"PRKACG","MEP1A",
,,,,,"NDUFA5","POLE",,,,,,,"DGKE",,,,,,,,,,"UGT2B4",,,"VARS2",,,"CSNK2A3","NUP188","PPP2CB","PFKL",,,,"TRA2A",,,,,"SLC25A6","GHSR","PDHA1","PLD2","GNA12","MYC","CASP8","UBR5",,,,"TFEB","AP3M1","FGFR2","HMGCLL1","ATP6V1B2","PFKFB1","IL1A","KCNMB1","WNT16",,,"RAPGEF1","LAMA2","HLA-DRB5","MSN","TFPI","MAPK4","RAF1","RAC2","VAMP2","GNG10","ITPR3","HTR1F","OR10T2","PPP1CA","FXYD2","PRKCB","PDPK1","PRKCG","GNG11",,,,"PRKCA","MEP1B",
,,,,,"NDUFA6","POLE2",,,,,,,"DGKD",,,,,,,,,,"UGT2B7",,,"AARS2",,,"NOB1","NUP62","PPP2R1A","PFKM",,,,"HNRNPA1",,,,,"HRH1","GIPR","PDHA2","S1PR5","GNAS","GADD45B","CASP9","ANAPC5",,,,"TBC1D17","LAMP3","FGFR4","CROT","ATP6V1C1","PFKFB2","IL6","RHOA","NLK",,,"ARHGAP35","LAMA3","HLA-E","MYH1","THBD","MAPK6","RELA","RAC3","SYT1","GNG11","JAK2","HTR2A","OR6P1","PPP1CB","PLCB2","PRKCG","PFKFB2","PRKD1","GNGT1",,,,"PRKCB","MME",
,,,,,"NDUFA7","POLR2A",,,,,,,"PPAP2A",,,,,,,,,,"UGT2B10",,,"QARS",,,"DROSHA","EIF4E1B","PPP2R1B","PFKP",,,,"HNRNPC",,,,,"HRH2","HCAR1","PDHB","PPP2R3C","PLA2G4D","ATM","PPM1D","ANAPC7",,,,"ULK1","GLA","RAB11FIP2","PEX26","ATP6V1E1","PFKFB3","CXCL8","PLA2G2C","SERPINF1",,,"GSK3B","LAMA4","HLA-F","MYH2","SERPING1","MAPK7","SOS1","RAF1","CACNA1A","GNGT1","KCNJ2","HTR2B","OR10X1","PPP1CC","PLCB3","MAPK1","PFKP","CAMK1D","GNGT2",,,,"PRKCG","ATP1A1",
,,,,,"NDUFA8","POLR2B",,,,,,,"PPAP2C",,,,,,,,,,"UGT2B15",,,"RARS",,,"NXT1","GEMIN5","PPP2R2A","EXOSC9",,,,"HNRNPK",,,,,"HTR2A","GLI1","PDK1","PPP2CA","LPAR4","WEE2","TNFRSF10B","UBE2J1",,,,"USP30","GLB1","EPN2","FAR2","PIK3CA","PFKFB4","ITPR1","MYH11","PLCB2",,,"PARVB","LAMA5","HLA-G","MYH3","C1QA","MAPK8","SOS2","MAPK12","CACNA1B","GNGT2","KCNJ3","HTR2C","OR10Z1","ASIC4","PLCB4","MAPK3","PIK3CA","CAMK1G","GRB2",,,,"ACTB","ATP1A2",
,,,,,"NDUFA9","POLR2C",,,,,,,"PPAP2B",,,,,,,,,,"UGT2B17",,,"SARS",,,"GNL2","UPF2","PPP2R2B","EXOSC10",,,,"HNRNPU",,,,,"HTR2B","GLI3","PFKFB3","PPP2CB","GRB2","ORC1","CCNB1","ANAPC11",,,,"BECN1","GM2A","IQSEC2","PECR","PIK3CB","PFKL","ITPR2","MYL6","PLCB3",,,"MYLPF","LAMB1","ICAM1","MYH4","C1QB","MAPK11","SYK","MAP2K4","CLTCL1","GRIA1","KCNJ4","HTR3A","OR6K6","PRKACA","TRPM4","MAP2K1","PIK3CB","CREB3L2","HRAS",,,,"SLC4A2","ATP1A3",
,,,,,"NDUFA10","POLR2D",,,,,,,"DGAT1",,,,,,,,,,"UGT2A3",,,"TARS",,,"EIF6","RNU6-1","PPP2R2C","XRN1",,,,"HSPA1A",,,,,"HTR2C","GLP1R","PFKL","PPP2R1A","GRM1","ORC2","CCND2","PIAS4",,,,"SQSTM1","GNS","SPG20","BAAT","PIK3CD","PFKM","ITPR3","MYLK","PLCB4",,,"HGF","LAMB2","ICAM2","MYH8","C1QC","MAPK9","BTK","SOS1","NAPA","GRIA2","KCNJ6","HTR4","OR6N1","PRKACB","PRKACA","MAP2K2","PIK3CD","STAR","RXFP4",,,,"SLC9A1","ATP1A4",
,,,,,"NDUFAB1","POLR2E",,,,,,,"DGKI",,,,,,,,,,"PNPLA4",,,"VARS",,,"RNR1","SNORD3B-1","PPP2R3A","EXOSC4",,,,"HSPA1B",,,,,"HTR4","GNAI1","PGK1","PPP2R1B","GRM2","ORC4","CCND3","UBE2D4",,,,"TAX1BP1","SUMF1","KIAA1033","PEX19","PIK3R1","PFKP","KIR2DL1","PPP1R12A","WNT4",,,"HRAS","LAMB3","ICAM3","MYH9","C1R","MAPK10","VAV1","SOS2","ATP6V0E1","GRIA3","KCNJ12","HTR5A","OR9A4","PRKACG","PRKACB","RAF1","PIK3R1","DAGLA","INSL3",,,,"SST","ATP1B1",
,,,,,"NDUFB1","POLR2F",,,,,,,"LIPG",,,,,,,,,,"RDH16",,,"WARS",,,"RNR2","PABPC1","PPP2R5A","BTG4",,,,"HSPA1L",,,,,"HTR5A","GNAI2","PIK3CA","PPP2R2A","GRM3","ORC5","CCNE1","PML",,,,"RHOT2","GUSB","NEDD4L","ABCD3","PIK3R2","PIK3CA","KIR2DL2","PPP1R12B","PPARD",,,"BIRC2","LAMC1","ITGA6","MYH10","C1S","MAPK13","VAV2","SYK","ATP6V1E2","GRIA4","KCNJ14","HTR6","OR2Y1","PRKCA","PRKACG","CREB3L2","PIK3R2","CACNA1C","JUN",,,,"SSTR2","ATP1B2",
,,,,,"NDUFB2","POLR2G",,,,,,,"LPIN2",,,,,,,,,,"HSD17B6",,,"CARS2",,,"NHP2L1","CYFIP2","PPP2R5B","DCP1A",,,,"HSPA2",,,,,"HTR6","GNAI3","PIK3CB","PPP2R2B","GRM4","PCNA","CCNG1","UBE2R2",,,,"USP8","HEXA","PSD3","ABCD4","ATP6V1G2","PIK3CB","KIR2DL3","NPR1","PPP3CA",,,"BIRC3","LAMC2","ITGA4","MYH11","C2","PTGS2","CARD11","BTK","ATP6V0D1","GRM1","KCNQ1","HTR7","OR9A2","PRKCB","PRKCA","TCF7","PLCB2","CACNA1D","KRAS",,,,"EZR","ATP1B3",
,,,,,"NDUFB3","POLR2H",,,,,,,,,,,,,,,,,"DGAT1",,,"NARS2",,,"NVL","RGPD4","PPP2R5C","EXOSC5",,,,"HSPA6",,,,,"HTR7","GNAS","PIK3CD","PPP2R2C","GRM5","FZR1","CCNG2","DET1",,,,"EIF2AK3","HEXB","PIP5K1C","PXMP2","WNT4","PIK3CD","KIR2DL4","NPR2","PPP3CB",,,"XIAP","GP6","ITGA9","MYL2","C3","RELA","PIK3R3","TNF","ATP6V1F","GRM5","KCNQ2","APP","OR2A14","PRKCD","PRKCB","TCF7L2","PLCB3","CACNA1F","SHC4",,,,"CA2","FXYD2",
,,,,,"NDUFB4","POLR2I",,,,,,,,,,,,,,,,,"ALDH1A2",,,"TARS2",,,"NMD3","NXT1","PPP2R5D","CNOT6",,,,"HSPA8",,,,,"MYLK4","FFAR2","PIK3R1","PPP2R3A","GRM6","ANAPC5","CCNB2","FANCL",,,,"ATG5","HYAL1","FOLR1","PEX2","MIOS","PIK3R1","KRAS","PLA2G3","PPP3CC",,,"TNC","RELN","ITGAL","MYL6","C3AR1","S100A7","IKBKG","VAV1","ATP6V1G1","ITPR1","KCNQ3","ARAF","OR6B1","PRKCE","PRKCG","TYR","PLCB4","CACNA1S","ARRB1",,,,"CALM1","COL5A3",
,,,,,"NDUFB5","POLR2J",,,,,,,,,,,,,,,,,"LRAT",,,"CARS",,,"FCF1","PABPC1L2A","PPP2R5E","LSM2",,,,"MAGOH",,,,,"ITPKA","GRIA1","PIK3R2","PPP2R5A","GRM7","ANAPC7","CCNE2","UBA6",,,,"MFN2","IDS","FOLR2","PEX5","DDIT4","PIK3R2","SMAD2","CALML5","PPP3R1",,,"IBSP","SDC1","ITGAM","NEDD4","C4A","S100A8","IFITM1","VAV2",,"ITPR2","KRAS","ITPR1","OR2F2","PRKCG","RAB3A","TYRP1","PLCD1","CALM1","SMAD2",,,,"CALM2","CELA2B",
,,,,,"NDUFB6","POLR2K",,,,,,,,,,,,,,,,,"DHRS3",,,"YARS",,,"UTP18","NUP43","WDR33","PAPD5",,,,"HNRNPM",,,,,"ITPKB","GRIA2","PLCG1","PPP2R5B","GRM8","ANAPC11","GORAB","UBE2W",,,,"USP15","IDUA","FOLR3","SCP2","LAMTOR1","PRKAG3","SMAD3","PLA2G1B","PPP3R2",,,"MYLK4","SDC4","ITGAV","NF2","C4B","S100A9","BCL10","PIK3R3",,"ITPR3","ACHE","ITPR2","OR13C5","PRKCH","RYR2","WNT1","PLCG1","CALM2","SMAD3",,,,"CALM3","PGA5",
,,,,,"NDUFB7","POLR2L",,,,,,,,,,,,,,,,,,,,"MARS2",,,"SBDS","EIF3E","PPP2R2D","PABPC1L2B",,,,"NCBP1",,,,,"ITPR1","GRIA3","PLCG2","PPP2R5C","HRAS","PLK1","EI24","FBXW7",,,,,"IGF2R","ACAP2","SOD1","STRADB","PPARG","MDM2","PLA2G2A","PRKACA",,,"IGF1","TNN","ITGB1","CLDN20","C4BPA","MAPK12","CD19","PLA2G4C",,"NDUFS7","ATF4","ITPR3","OR13C8","PRKCQ","CREB3L2","WNT2","PLCG2","CALM3","ARRB2",,,,"CALML3","SLC38A2",
,,,,,"NDUFB8","POLR2J3",,,,,,,,,,,,,,,,,,,,,,,"POP5","KPNB1","NXT2","SKIV2L",,,,"NHP2L1",,,,,"ITPR2","GRIA4","EGLN1","PPP2R5D","CXCL8","ATR","TP53I3","UBE2Q1",,,,,"LAMP1","PSD4","SOD2","PRR5","PPP2R3C","MRE11A","PLA2G4A","PRKACB",,,"IGF1R","SPP1","ITGB2","CLDN11","C4BPB","CCL2","CD22","JMJD7-PLA2G4B",,"KCNJ3","NRAS","KCND2","OR13C3","MAPK8","SLC2A1","WNT3","PLN","CALML3","MMP1",,,,"CAMK2A","PRCP",
,,,,,"NDUFB9","UCKL1",,,,,,,,,,,,,,,,,,,,,,,"NOP58","SUMO4","NXF5","BTG1",,,,"RBMXL1",,,,,"ITPR3","GRIN1","PRKCA","PPP2R5E","CXCR1","PRKDC","CDK1","KLHL9",,,,,"LAMP2","CBLC","DHRS4L1","PRKAA1","PPP2CA","MYBL2","PLA2G5","PRKACG",,,"ILK","THBS1","ITGB7","F11R","C5","CCL7","CD72","GAB2",,"KCNJ5","GNG13","KCNJ3","OR13C4","MAPK11","SLC2A2","WNT5A","SLCO1C1","CAMK4","MMP2",,,,"CAMK2B","PRSS1",
,,,,,"NDUFB10","PRIM1",,,,,,,,,,,,,,,,,,,,,,,"GAR1","RGPD1","NXF3","BTG2",,,,"PCBP1",,,,,"LHCGR","GRIN2A","PRKCB","SPTLC3","CXCR2","RAD21",,"SMURF1",,,,,"LIPA","FAM21C","XDH","PRKAA2","PPP2CB","MYC","PLCB2","PRKCA",,,"ITGA6","THBS2","ITGB8","PARD6A","C5AR1","CCL11","CD79A",,,"KCNJ6","PIK3CA","KCNJ5","OR13F1","MAPK9","SNAP25","WNT6","WNT4","CAMK2A","MMP9",,,,"CAMK2D","PRSS2",
,,,,,"NDUFC1","PRIM2",,,,,,,,,,,,,,,,,,,,,,,"XRN1","MAGOH","NXF2","EDC3",,,,"CRNKL1",,,,,"MYLK","GRIN2B","PRKCG","PRKCA","INS","RB1",,"BIRC6",,,,,"M6PR","SNX32","ACOX2","PRKCA","PPP2R1A","GADD45B","PLCB3","PRKCB",,,"ITGA1","THBS3","L1CAM","PCNA","C6","CCL17","CD79B",,,"KCNJ9","PIK3CB","KCNJ6","OR1L8","MAPK10","STX1A","WNT7A","MED1","CAMK2B","MMP13",,,,"CAMK2G","PRSS3",
,,,,,"NDUFC2","POLR3B",,,,,,,,,,,,,,,,,,,,,,,"GNL3L","NCBP1","PAPOLB","PABPC1L",,,,"CDC40",,,,,"NOS1","GRIN2C","MAPK1","PRKCB","INSR","RBL1",,"UBE2O",,,,,"ARSA","CHMP2B","ACOX3","PRKCB","PPP2R1B","NBN","PLCB4","PRKCG",,,"ITGA2","THBS4","MAG","CLDN18","C7","CCL20","CD81",,,"ND1","PIK3CD","KCNJ9","OR1N2","MAPK13","ABCC8","WNT7B","PRKACA","CAMK2D","ATF4",,,,"MYLK2","ACE2",
,,,,,"NDUFS1","POLR3E",,,,,,,,,,,,,,,,,,,,,,,"RPP25","NUP88","UPF1","WDR61",,,,"CWC15",,,,,"NOS2","GRIN2D","MAPK3","PRKCE","ARF1","RBL2",,"RFWD2",,,,,"ARSB","DNM3","NUDT12","PRKCG","PPP2R2A","ATM","PPP1R12C","MAPK8",,,"ITGA2B","TNR","CD99","AMOTL2","C8A","CXCL6",,,,"ND2","PIK3CG","KCNN2","OR1N1","MAP2K3","VAMP2","WNT8A","PRKACB","CAMK2G","NFKB1",,,,"CCKBR","CELA2A",
,,,,,"NDUFS2","CTPS2",,,,,,,,,,,,,,,,,,,,,,,"HEATR1","NUP98","PABPC1L2B","ZCCHC7",,,,"SF3B6",,,,,"NOS3","HTR1A","MAP2K1","PRKCG","KIT","CCND1",,"ANAPC1",,,,,"MAN2B1","RAB11FIP5","FAR1","MAPK1","PPP2R2B","NFATC1","PPP1CA","MAPK9",,,"ITGA3","TNXB","MPZ","PRKAG2","C8B","CXCL5",,,,"ND3","PIK3R1","KRAS","OR52B4","MAP2K6","CACNA1C","WNT8B","PRKACG","CREB3L3","NFKBIA",,,,"MYLK3","PGA3",
,,,,,"NDUFS3","POLE4",,,,,,,,,,,,,,,,,,,,,,,"RBM28","PABPC3","PAPOLG","PNPT1",,,,"PPIL1",,,,,"ATP2A1","HTR1B","MAP2K2","PPP2R2D","ARF6","ANAPC1",,"SMURF2",,,,,"MANBA","LDLRAP1","GNPAT","MAPK3","PPP2R2C","NFATC2","PPP1CB","MAPK10",,,"ITGA4","VTN","NCAM1","RAPGEF6","C8G","SRSF1",,,,"ND4","PIK3R2","MAOA","OR52I2","PTGER2","CACNA1D","WNT10B","PRKCA","ORAI1","NOS1",,,,"CALML4","PGA4",
,,,,,"NDUFV1","NT5M",,,,,,,,,,,,,,,,,,,,,,,"NAT10","GEMIN4","UPF3B","PABPC4",,,,"LSM7",,,,,"ATP2A2","HTR1D","BCL2","PRKCZ","KRAS","SKP1",,"SIAH1",,,,,"ASAH1","ARFGAP3","CAT","MAP2K1","PPP2R3A","NFATC3","PPP1CC","PSEN1",,,"ITGA5","VWF","NCAM2","RAB8B","C9","IL25",,,,"ND4L","PLCB2","MAOB","OR51E1","PTGER4","CACNA1F","WNT11","PRKCB","CAMK1","NOS2",,,,"KCNE2","SLC1A1",
,,,,,"NDUFS4","POLD4",,,,,,,,,,,,,,,,,,,,,,,"IMP3","NMD3","UPF3A","RQCD1",,,,"LSM8",,,,,"ATP2A3","HTR1E","RELA","MAPK1","RHOA","SKP2",,"SKP1",,,,,"NAGA","CYTH4","MPV17L2","MAP2K2","PPP2R5A","NFATC4","AVPR1A","CTNNBIP1",,,"ITGA7","ITGA10","NEO1","TUBA8","VTN","MAP3K7",,,,"ND5","PLCB3","NRAS","OR10A5","TRPV4","CACNA1S","WNT2B","PRKCG","CACNA1I","NOS3",,,,,"SLC1A5",
,,,,,"NDUFS5","RRM1",,,,,,,,,,,,,,,,,,,,,,,"LSG1","TRNT1","NXF2B","CNOT8",,,,"WBP11",,,,,"ATP2B1","HTR1F","RPS6","MAPK3","SHC4","BUB1",,"SKP2",,,,,"NAGLU","SNX5","PEX3","PTEN","PPP2R5B","NFKB1","AVPR1B","VANGL2",,,"ITGA9","ITGA8","NRCAM","PRKAG3","VWF","TNF",,,,"ND6","PLCB4","GNG13","OR2AG1","BDKRB1","CAMK2A","WNT9A","MAPK1","CACNA1H","NRAS",,,,,"SLC3A1",
,,,,,"NDUFS6","RRM2",,,,,,,,,,,,,,,,,,,,,,,"NOP10","POP5","DDX39B","TTC37",,,,"PLRG1",,,,,"ATP2B2","HTR4","RPS6KB1","MAPK8","KITLG","BUB1B",,"UBE2Z",,,,,"NEU1","VPS4A","DDO","RPTOR","PPP2R5C","NRAS","PRKACA","CHD8",,,"ITGAV","CD36","CLDN20","CLDN22","F2RL3","TNFAIP3",,,,"NDUFA1","GNG2","PLA2G4A","OR6B3","BDKRB2","CAMK2B","WNT9B","MAPK3","CACNA1G","RXFP3",,,,,"SLC3A2",
,,,,,"NDUFS8","POLR1E",,,,,,,,,,,,,,,,,,,,,,,"NHP2","PHAX","CPSF7","PAN2",,,,"MAGOHB",,,,,"ATP2B3","HTR6","RPS6KB2","MAPK11","NRAS","TFDP1",,"BRCA1",,,,,"NPC1","CHMP2A","AGPS","FNIP2","PPP2R5D","SERPINE1","PRKACB","RAC1",,,"ITGB1","CD44","CLDN11","EPB41L4B","CD59","HSP90B1",,,,"NDUFA2","PRKACA","PLCB2","ADRBK1","MAPK12","CAMK2D","FZD5","MAP2K1","CREB3L1","GNG13",,,,,"SLC8A2",
,,,,,"NDUFV2","NME1-NME2",,,,,,,,,,,,,,,,,,,,,,,"RIOK2","NUP54","WDR82",,,,,"PRPF38B",,,,,"NTSR1","HCAR2","SLC2A1","MAPK9","PDGFA","TFDP2",,"TCEB1",,,,,"SLC11A2","AMPH","PEX11B","RRAGD","PPP2R5E","CALML5","PRKACG","RAC2",,,"ITGB3","CD47","F11R","ARHGAP17",,"TRAF2",,,,"NDUFA3","PRKACB","PLCB3","ADRBK2","SRC","CAMK2G","FZD3","MAP2K2","CALML4","PIK3CA",,,,,"SLC8A1",
,,,,,"NDUFV3","POLR3D",,,,,,,,,,,,,,,,,,,,,,,"UTP6","PNN","PABPC1L",,,,,"PRPF40A",,,,,"ATP2B4","JUN","STAT3","MAPK10","PDGFB","TGFB1",,"TCEB2",,,,,"ATP6V0A4","BIN1","PEX11A","RAF1","STRADB","PIK3CA","PRKCA","RAC3",,,"ITGB4","SV2B","CLDN18","PPP2CA",,"TRAF3",,,,"NDUFA4","PRKACG","PLCB4","OR1Q1","TRPV1","CREB3L3","CALM1","BAD","SCARB1","PIK3CB",,,,,"SLC8A3",
,,,,,"ATP12A","TK1",,,,,,,,,,,,,,,,,,,,,,,"NXT2","RPP25","PABPN1",,,,,"RBM22",,,,,"OXTR","RHOA","TCEB1","MAPK13","PDGFRA","TGFB2",,"TRAF6",,,,,"NAGPA","GRK4","PEX11G","RHEB","PRKAA1","PIK3CB","PRKCB","SENP2",,,"ITGB5","SV2A","PDCD1","PPP2CB",,"TRAF5",,,,"NDUFA5","PRKCA","GNG2","OR7D2","TRPM8","CCKAR","WNT10A","RAF1","CREB5","PIK3CD",,,,,"SLC9A3",
,,,,,"ATP4A","TK2",,,,,,,,,,,,,,,,,,,,,,,"NXF5","GEMIN8","FIP1L1",,,,,"CTNNBL1",,,,,"P2RX1","LIPE","TCEB2","MAP2K1","PDGFRB","TGFB3",,"UBA1",,,,,"ATP6V1H","GRK5","PEX16","RPS6","PRKAA2","PIK3CD","PRKCD","CCND1",,,"ITGB6",,"PECAM1","PPP2R1A",,"TRAF6",,,,"NDUFA6","PRKCB","PRKACA","CALML6","CALM1","CREB3L1","CALM2","CCND1",,"PIK3R1",,,,,"SLC15A1",
,,,,,"ATP4B","TYMS",,,,,,,,,,,,,,,,,,,,,,,"NXF3","MAGOHB","SYMPK",,,,,"XAB2",,,,,"P2RX3","MC2R","TEK","MAP2K2","PIK3CA","TP53",,"UBA7",,,,,"ATP6V0C","GRK6",,"RPS6KA1","PRKAB1","PIK3R1","PRKCE","SFRP1",,,"ITGB7",,"CLDN22","PPP2R1B",,"MUC5B",,,,"NDUFA7","PRKCG","PRKACB","OR56B4","CALM2","CREB5","CALM3","ACTB",,"PIK3R2",,,,,"COL14A1",
,,,,,"ATP5A1","UCK2",,,,,,,,,,,,,,,,,,,,,,,"NXF2","ELAC1","WIBG",,,,,"THOC2",,,,,"P2RX4","MLLT4","TF","ASAH2","PIK3CB","TTK",,"UBE2A",,,,,"ACP2","GIT1",,"RPS6KA2","PRKAB2","PIK3R2","PRKCG","SFRP2",,,"ITGB8",,"NLGN3","PPP2R2A",,"FOSL1",,,,"NDUFA8","MAPK1","PRKACG","OR8U1","CALM3","RIMS2","CALML3","RHEB",,"PLCB2",,,,,"XPNPEP2",
,,,,,"ATP5B","UMPS",,,,,,,,,,,,,,,,,,,,,,,"REXO1","NDC1","RNMT",,,,,"ISY1",,,,,"P2RX5","PPP1R12A","TFRC","SPHK2","PIK3CD","WEE1",,"UBE2B",,,,,"ATP6V0B","CHMP4A",,"RPS6KA3","PRKAG1","ATR","PRKCH","SFRP4",,,"JUN",,"NLGN4X","PPP2R2B",,"CASP3",,,,"NDUFA9","MAPK3","PRKCA","OR4C16","CALML3",,"WNT5B","RXRA",,"PLCB3",,,,,"COL18A1",
,,,,,"ATP6V0A4","UPP1",,,,,,,,,,,,,,,,,,,,,,,"PWP2","NUP133","RNGTT",,,,,"LSM2",,,,,"P2RX7","ATP1A1","TIMP1","PTEN","PIK3CG","YWHAB",,"UBE2D1",,,,,"ATP6V0A1","EPN1",,"RPS6KB1","PPP2R2D","PPID","PRKCQ","SFRP5",,,"KDR",,"NLGN2","PPP2R2C",,"CASP8",,,,"NDUFA10","GNG12","PRKCB","OR4C11","CAMK2A",,"CAMK2A","RXRB",,"PLCB4",,,,,"COL21A1",
,,,,,"ATP5C1","CAD",,,,,,,,,,,,,,,,,,,,,,,"RAN","NXT2","PABPC4",,,,,"RBM25",,,,,"PLCE1","ATP1A2","TLR4","BAX","PIK3R1","YWHAE",,"UBE2D2",,,,,"ATP6AP1","SNX12",,"RPS6KB2","RPTOR","TRPM7","PRKG1","SOX17",,,"RHOA",,"LRRC4C","PRKAA1",,"IL17RC",,,,"NDUFAB1","MAP2K1","PRKCG","OR4S2","CAMK2B",,"CAMK2B","RXRG",,"SHC3",,,,,"COL27A1",
,,,,,"NDUFA13","DCTPP1",,,,,,,,,,,,,,,,,,,,,,,"RMRP","NXF5","EIF4A3",,,,,"RP9",,,,,"PDE1A","NFATC1","VEGFA","RAC1","PIK3R2","YWHAG",,"UBE2D3",,,,,"ACP5","SH3KBP1",,"CLIP1","G6PC2","PPP1CA","MAPK1","SIAH1",,,"LAMA2",,"CADM3","PRKAA2",,"IKBKG",,,,"NDUFB1","KCNQ5","MAPK1","OR4C6","CAMK2D",,"CAMK2D","SLC2A1",,"GNG2",,,,,"KCNK5",
,,,,,"ATP5D","UCK1",,,,,,,,,,,,,,,,,,,,,,,"LOC643802","NXF3","SMG7",,,,,"SRSF1",,,,,"PDE1C","ATP1A3","VHL","RAC2","PLA2G4A","YWHAH",,"UBE2E1",,,,,"CTSA","EHD4",,"SEC13","RAB2A","PPP1CB","MAPK3","PORCN",,,"LAMA3",,"PTPRC","PRKAB1",,"TRADD",,,,"NDUFB2","GNB4","MAPK3","OR5D14","CAMK2G",,"CAMK2G","BMP4",,"PRKACA",,,,,"SLC7A7",
,,,,,"ATP6V1D","POLR1B",,,,,,,,,,,,,,,,,,,,,,,"NOL6","NXF2","RBM8A",,,,,"SRSF2",,,,,"PDE1B","NFKB1","HKDC1","RAC3","PLCB2","YWHAZ",,"UBE2E2",,,,,"LAPTM4B","EHD3",,"RRAGC","CCND1","PPP1CC","MAP2K1","SKP1",,,"LAMA4",,"PTPRF","PRKAB2",,"FADD",,,,"NDUFB3","BCL2","GNG12","OR5L1","PLA2G6",,"FZD1","SLC9A1",,"PRKACB",,,,,,
,,,,,"ATP5E","POLR3GL",,,,,,,,,,,,,,,,,,,,,,,"TCOF1","NUP107",,,,,,"SRSF3",,,,,"PDGFRA","NFKBIA","CAMK2A","RAF1","PLCB3","ZBTB17",,"UBE2G1",,,,,"PPT1","EHD2",,"MLST8","RHEB","PPP3CA","MAP2K2","MAP3K7",,,"LAMA5",,"PTPRM","PRKACA",,"TRAF4",,,,"NDUFB4","SLC5A7","MAP2K1","OR5D18","PIK3R3",,"FZD4","SLC16A2",,"PRKACG",,,,,,
,,,,,"ATP5F1","NT5C1A",,,,,,,,,,,,,,,,,,,,,,,"NXF2B","THOC2",,,,,,"SRSF4",,,,,"PDGFRB","ATP1A4","CAMK2B","BCL2","PLCB4","SMC1A",,"UBE2G2",,,,,"LGMN","HLA-A",,"SGK1","RPS6KB1","PPP3CB","PTGIR","TBL1X",,,"LAMB1",,"PVR","PRKACB",,"IKBKE",,,,"NDUFB5","CREB3L2","PTGS1","OR5AS1","PLA2G4C",,"FZD6","SRC",,"PRKCA",,,,,,
,,,,,"ATP5G1","PNPT1",,,,,,,,,,,,,,,,,,,,,,,"XPO1","XPO5",,,,,,"SRSF5",,,,,"CALML5","ATP1B1","CAMK2D","RELA","PLCG1","CDC7",,"UBE2H",,,,,"PSAP","HLA-B",,"DEPTOR","RPS6KB2","PPP3CC","RAF1","TCF7",,,"LAMB2",,"PVRL1","PRKACG",,,,,,"NDUFB6","SLC18A3","PTGS2","OR8K5","JMJD7-PLA2G4B",,"FZD7","STAT1",,"PRKCZ",,,,,,
,,,,,"ATP6V1H","NT5C1B",,,,,,,,,,,,,,,,,,,,,,,"SNORD3A","RAN",,,,,,"SRSF6",,,,,"PHKA1","ATP1B2","CAMK2G","ROCK1","SHC3","CDC45",,"UBE2I",,,,,"MCOLN1","HLA-C",,"SKP2","SCD","PPP3R1","ACTA2","TCF7L2",,,"LAMB3",,"PVRL2","PRKAG1",,,,,,"NDUFB7","CACNA1A","RAF1","OR5T2","TRPA1",,"FZD8","THRA",,"MAPK1",,,,,,
,,,,,"ATP5G2","ENTPD1",,,,,,,,,,,,,,,,,,,,,,,"SNORD3B-2","RANBP2",,,,,,"SRSF7",,,,,"PHKA2","ATP1B3","CUL2","BDKRB2","PLCG2","MAD1L1",,"UBE2L3",,,,,"DNASE2B","HLA-E",,"SLC3A2","CREB3L2","PPP3R2","ROCK1","TP53",,,"LAMC1",,"JAM2","PRKCE",,,,,,"NDUFB8","CACNA1B","GNB4","OR8H1","CALML4",,"FZD9","THRB",,"MAPK3",,,,,,
,,,,,"ATP5G3","POLR1C",,,,,,,,,,,,,,,,,,,,,,,"SNORD3C","RANGAP1",,,,,,"TRA2B",,,,,"PHKB","NPY","PIK3R3","MAPK12","PLD1","CUL1",,"UBE2N",,,,,"SORT1","HLA-F",,"SOS1","SLC2A4","MAPK1","PLA2G2F","WNT1",,,"LAMC2",,"SDC1","PRKCI",,,,,,"NDUFB9","CACNA1C","SLC6A4","OR8K3","ASIC3",,"TCF7L1","ACTG1",,"GNG12",,,,,,
,,,,,"ATP5I","ENTPD6",,,,,,,,,,,,,,,,,,,,,,,"EFTUD1","SENP2",,,,,,"SNRNP70",,,,,"PHKG1","FXYD2","MKNK1","BID","PLD2","CCNB3",,"UBE3A",,,,,"SGSH","HLA-G",,"SOS2","SREBF1","MAPK3","BRAF","WNT2",,,"ARHGAP5",,"SDC2","PPP2R2D",,,,,,"NDUFB10","CACNA1D","SLC18A1","OR8J1",,,"CREB3L3","TP53",,"MAPK8",,,,,,
,,,,,"ATP5J","ENTPD3",,,,,,,,,,,,,,,,,,,,,,,"LOC81691","UPF1",,,,,,"SNRPA",,,,,"PHKG2","ATP2A2","EIF4E2","SMPD1","AVP","CDC14B",,"VHL",,,,,"SLC11A1","HRAS",,"BRAF","STK11","LIN37","ACTG2","WNT3",,,"SHC4",,"SDC4","PRKCZ",,,,,,"NDUFC1","CACNA1F","SLC18A2","OR5R1",,,"WNT3A","TSC2",,"MAPK11",,,,,,
,,,,,"ATP6V1A","ENTPD5",,,,,,,,,,,,,,,,,,,,,,,"RIOK1","ELAC2",,,,,,"SNRPA1",,,,,"PLCB2","NPR1","RBX1","SMPD2","AVPR1A","CDC14A",,"BIRC7",,,,,"SMPD1","HSPA1A",,"STK11","MAP3K7","MAPK11","CACNA1C","WNT5A",,,"MET",,"SELE","MAPK8",,,,,,"NDUFC2","CACNA1S","BRAF","OR5M3",,,"CREB3L1","NCOA3",,"MAPK9",,,,,,
,,,,,"ATP6V1B1","ENTPD4",,,,,,,,,,,,,,,,,,,,,,,"WDR75","SEC13",,,,,,"SNRPB",,,,,"PLCB3","NPY1R",,"TNF","AVPR1B","CDC23",,"CUL5",,,,,"PSAPL1","HSPA1B",,"TNF","TSC1","MAPK13","CACNA1D","WNT6",,,"MYL2",,"SELL","MAPK9",,,,,,"NDUFS1","CAMK4","TPH1","OR5M8",,,"CALML4","CASP9",,"MAPK10",,,,,,
,,,,,"ATP6V1B2","CDA",,,,,,,,,,,,,,,,,,,,,,,"UTP15","PABPC1L2B",,,,,,"SNRPB2",,,,,"PLCB4","ATP2B1",,"TNFRSF1A","AGPAT5","CDC16",,"ITCH",,,,,"LAPTM5","HSPA1L",,"TNFRSF1A","TSC2","MAP2K1","CACNA1F","WNT7A",,,"MYL5",,"SELP","MAPK10",,,,,,"NDUFS2","CAMK2A","TRPC1","OR5M11",,,,"PLCD4",,"MAPK13",,,,,,
,,,,,"ATP6V0C",,,,,,,,,,,,,,,,,,,,,,,,"CIRH1A","UPF3B",,,,,,"SNRPC",,,,,"PLCD1","ATP2B2",,"TP53","AVPR2","CCNA2",,"SYVN1",,,,,"GNPTAB","HSPA2",,"TSC1","ADIPOR2","MAP2K2","CACNA1S","WNT7B",,,"MYLK",,"SELPLG","MAP2K7",,,,,,"NDUFS3","CAMK2B","CACNA1A","OR5AR1",,,,"PIK3R3",,"MAP2K1",,,,,,
,,,,,"ATP6V1C1",,,,,,,,,,,,,,,,,,,,,,,,"IMP4","UPF3A",,,,,,"SNRPD1",,,,,"PLCG1","ATP2B3",,"TRAF2","PRKCA","CCNA1",,"CUL4B",,,,,"AP3B2","HSPA6",,"TSC2","SCD5","MAP2K3","CALD1","WNT8A",,,"PPP1R12A",,"LRRC4","PARD3",,,,,,"NDUFV1","CAMK2D","CACNA1B","OR8B12",,,,"NCOA1",,"MAP2K2",,,,,,
,,,,,"ATP6V1E1",,,,,,,,,,,,,,,,,,,,,,,,"UTP14C","RGPD3",,,,,,"SNRPD2",,,,,"PLCG2","ATP2B4",,"CERS4","MAPK1","CCNB1",,"CUL4A",,,,,"CLTCL1","HSPA8",,"WNT1","CAB39L","MAP2K6","CALM1","WNT8B",,,"PPP1R12B",,"CLDN25","ACTR3B",,,,,,"NDUFS4","CAMK2G","CACNA1C","OR8G5",,,,"HDAC3",,"MAP2K7",,,,,,
,,,,,"ATP6V0B",,,,,,,,,,,,,,,,,,,,,,,,"BMS1","SMN1",,,,,,"SNRPD3",,,,,"PLN","OXTR",,"SGPP1","MAPK3","CCND2",,"CUL3",,,,,"GNPTG","IGF1R",,"WNT2","ULK1","PTEN","CALM2","WNT10B",,,"PAK1",,"SIGLEC1","CGN",,,,,,"NDUFS5","CREB3L3","CACNA1D","OR10G8",,,,"KAT2B",,"RAF1",,,,,,
,,,,,"ATP6V1G2",,,,,,,,,,,,,,,,,,,,,,,,,"SMN2",,,,,,"SNRPE",,,,,"AVPR1A","PAK1",,"NSMAF","PDGFC","CCND3",,"CUL2",,,,,"AP3B1","IGF2R",,"WNT3","AKT1S1","KIR2DL5A","CALM3","WNT11",,,"PAK2",,"SPN","MYH7B",,,,,,"NDUFS6","PIK3R3","CACNA1F","OR10G9",,,,"PLCZ1",,"ACTA2",,,,,,
,,,,,"ATP6V0A1",,,,,,,,,,,,,,,,,,,,,,,,,"SUMO3",,,,,,"SNRPF",,,,,"AVPR1B","ACOX1",,"PIK3R3","MAP2K1","CCNE1",,"CUL1",,,,,"CTSF","IL2RA",,"WNT5A","CREB3L3","RAD1","CALML3","WNT2B",,,"PAK3",,"CNTN2","RAP2C",,,,,,"NDUFS8","CHRNA6","CACNA1S","OR10S1",,,,"MED30",,"GNB4",,,,,,
,,,,,"ATP6AP1",,,,,,,,,,,,,,,,,,,,,,,,,"SUMO2",,,,,,"SNRPG",,,,,"PPP3CA","PLCE1",,"DEGS1","MAP2K2","CCNH",,"PIAS1",,,,,"CD164","IL2RB",,"WNT6","IRS4","RAD9A","PLA2G12A","WNT9A",,,"PDGFA",,"CLDN5","JAM2",,,,,,"NDUFV2","CREB3L1","CASP3","OR6T1",,,,"MED14",,"RXFP1",,,,,,
,,,,,"ATP5O",,,,,,,,,,,,,,,,,,,,,,,,,"TPR",,,,,,"U2AF1",,,,,"PPP3CB","PDE3A",,"S1PR4","SPHK2","PKMYT1",,"SOCS1",,,,,"AP1S2","IL2RG",,"WNT7A","PIK3R3","RAF1","PLA2G6","WNT9B",,,"PDGFB",,"VCAM1","MPP4",,,,,,"NDUFV3","KCNQ4","PLA2G4C","OR4D5",,,,"MED17",,"RELA",,,,,,
,,,,,"NDUFB11",,,,,,,,,,,,,,,,,,,,,,,,,"RGPD8",,,,,,"DDX39B",,,,,"PPP3CC","PDE3B",,"TRADD","AGPAT3","SMC3",,"CBL",,,,,"AP1G2","CXCR1",,"WNT7B","IRS2","RB1","PLA2G10","FZD5",,,"PDGFRA",,"VTCN1","RAB13",,,,,,"NDUFA13","GNG8","JMJD7-PLA2G4B","OR6Q1",,,,"MED27",,"RLN1",,,,,,
,,,,,"PPA1",,,,,,,,,,,,,,,,,,,,,,,,,"NXF2B",,,,,,"SF3A2",,,,,"PPP3R1","PDE4A",,"SPHK1","AGPAT4","CCNB2",,"CBLB",,,,,"AP1M1","CXCR2",,"WNT8A","FBP2","RBBP4","PLA2G12B","TBL1XR1",,,"PDGFRB",,"PDCD1LG2","RAC1",,,,,,"GNG13","CREB5","HTR3B","OR9I1",,,,"NCOR1",,"RLN2",,,,,,
,,,,,"NDUFA12",,,,,,,,,,,,,,,,,,,,,,,,,"EIF3CL",,,,,,"SF3B5",,,,,"PPP3R2","PDE4B",,"SGPL1","LPAR5","CCNE2",,"CDC23",,,,,"AP3D1","ARF1",,"WNT8B","CCNA2","RBL1","MYLK2","FZD3",,,"PDPK1",,"CD276","RAP1A",,,,,,"PLCB2",,"GNG8","OR9Q1",,,,"MED24",,"MAPK12",,,,,,
,,,,,"NDUFA4L2",,,,,,,,,,,,,,,,,,,,,,,,,"RGPD2",,,,,,"THOC3",,,,,"PRKACA","PDE4C",,"CERS5","PTGFR","BUB3",,"CDC16",,,,,"ATP6V0D1","ARF3",,"WNT10B","CCNA1","RBL2","PLA2G4C","CXXC4",,,"PGF",,"MADCAM1","CCND1",,,,,,"PLCB3",,,"OR9Q2",,,,"TBC1D4",,"MAP2K4",,,,,,
,,,,,"SDHA",,,,,,,,,,,,,,,,,,,,,,,,,"UBE2I",,,,,,"DHX16",,,,,"PRKACB","PDE4D",,"S1PR2","PTPN11","PTTG1",,"HERC3",,,,,"AP4M1","KIF5A",,"WNT11","CREB3L1","TRPV4","JMJD7-PLA2G4B","WNT10A",,,"PIK3CA",,"JAM3","RDX",,,,,,"PLCB4",,,"OR1S2",,,,"MED12",,"SHC1",,,,,,
,,,,,"SDHB",,,,,,,,,,,,,,,,,,,,,,,,,"SUMO1",,,,,,"PHF5A",,,,,"PRKACG","GHRL",,"ROCK2","RAF1","ESPL1",,"HERC2",,,,,"PPT2","KIF5B",,"WNT2B","RAB11B","CCND1","ARHGEF1","FOSL1",,,"PIK3CB",,"NTNG2","ACTB",,,,,,"GNG2",,,"OR1S1",,,,"MED13",,"CREB3L2",,,,,,
,,,,,"SDHC",,,,,,,,,,,,,,,,,,,,,,,,,"XPO1",,,,,,"PRPF38A",,,,,"PRKCA","CALML5",,"SPTLC2","RALA","CDK1",,"HERC1",,,,,"NAPSA","KIF5C",,"WNT9A","STRADA","RELA","MYLK3","WNT5B",,,"PIK3CD",,"CNTNAP1","ROCK1",,,,,,"NDUFB11",,,"OR10Q1",,,,,,"SOS1",,,,,,
,,,,,"SDHD",,,,,,,,,,,,,,,,,,,,,,,,,"SNORD3A",,,,,,"RBM17",,,,,"PRKCB","PIK3CA",,"GAB2","RALB","CDC6",,"BTRC",,,,,"SCARB2","ARF5",,"WNT9B","G6PC3","RHEB","CALML4","CAMK2A",,,"PIK3R1",,"ITGA8","MPP5",,,,,,"PRKACA",,,"OR5B17",,,,,,"SOS2",,,,,,
,,,,,"LHPP",,,,,,,,,,,,,,,,,,,,,,,,,"SNORD3B-2",,,,,,"PRPF18",,,,,"PRKCG","PIK3CB",,,"RALGDS","CDC20",,"UBE3B",,,,,"LITAF","ARF6",,"FZD5","ADIPOQ","RRAS","PPP1R14A","CAMK2B",,,"PIK3R2",,"MPZL1","CLDN25",,,,,,"PRKACB",,,"OR5B21",,,,,,"SRC",,,,,,
,,,,,"UQCRB",,,,,,,,,,,,,,,,,,,,,,,,,"SNORD3C",,,,,,"SRSF9",,,,,"LTB4R2","PIK3CD",,,"RHEB","CDC25A",,"SOCS3",,,,,"ENTPD4","RHOA",,"MAPKAP1","CD36","MAPK12","ROCK2","CAMK2D",,,"SHC3",,"CLDN10","ACTR3C",,,,,,"PRKACG",,,"OR5A2",,,,,,"TGFB1",,,,,,
,,,,,"UQCRC1",,,,,,,,,,,,,,,,,,,,,,,,,"NUP37",,,,,,"BUD31",,,,,"SPHK2","PIK3R1",,,"RRAS","CDC25B",,"KLHL13",,,,,"CD63","FAM21A",,"WDR59","CREB5","ZFP36L1","ARHGEF11","CAMK2G",,,"PPP1R12C",,"CLDN8","SRC",,,,,,"PRKCA",,,"OR5A1",,,,,,"TGFBR1",,,,,,
,,,,,"UQCRC2",,,,,,,,,,,,,,,,,,,,,,,,,"DDX39B",,,,,,"SART1",,,,,"CYSLTR2","PIK3R2",,,"SHC1","CDC25C",,"UBA3",,,,,"CD68","FOLR4",,"FZD3",,"ZFP36L2",,"VANGL1",,,"PPP1CA",,"CLDN6","STK11",,,,,,"PRKCB",,,"OR4D6",,,,,,"TGFBR2",,,,,,
,,,,,"UQCRFS1",,,,,,,,,,,,,,,,,,,,,,,,,"THOC6",,,,,,"PRPF4",,,,,"PTAFR","PLD1",,,"SOS1","CDC27",,"UBE2M",,,,,"LAPTM4A","LDLR",,"WNT10A",,"TGFB1",,"AXIN1",,,"PPP1CB",,"CLDN2","TIAM1",,,,,,"PRKCG",,,"OR4D11",,,,,,"VEGFA",,,,,,
,,,,,"UQCRH",,,,,,,,,,,,,,,,,,,,,,,,,"GEMIN7",,,,,,"PRPF3",,,,,"PTGER1","PLD2",,,"SOS2","RBX1",,"PIAS2",,,,,,"ARRB1",,"WNT5B",,"TGFB2",,"AXIN2",,,"PPP1CC",,"CLDN1","TJP1",,,,,,"GABRQ",,,"OR52A1",,,,,,"VEGFB",,,,,,
,,,,,"COX4I2",,,,,,,,,,,,,,,,,,,,,,,,,"GEMIN6",,,,,,"EFTUD2",,,,,"PTGER3","FXYD1",,,"SYK",,,"UBE2L6",,,,,,"SMAD2",,"NPRL3",,"TGFB3",,"FZD1",,,"PARVA",,"CLDN9","ACTG1",,,,,,"MAPK1",,,"OR6C74",,,,,,"VEGFC",,,,,,
,,,,,"ATP6V0E1",,,,,,,,,,,,,,,,,,,,,,,,,"RPP21",,,,,,"SNRNP40",,,,,"PTGFR","PLN",,,"TSC1",,,"UBE2Q2",,,,,,"SMAD3",,"SLC7A5",,"TGFBR1",,"FZD4",,,"PRKCA",,"ESAM","CLDN5",,,,,,"MAPK3",,,"OR6C3",,,,,,"CREB3L3",,,,,,
,,,,,"ATP6V1E2",,,,,,,,,,,,,,,,,,,,,,,,,"NUP85",,,,,,"DDX23",,,,,"STIM2","PPARA",,,"TSC2",,,"TRIP12",,,,,,"ARRB2",,"CAB39L",,"TGFBR2",,"FZD6",,,"PRKCB",,"CD2","TUBA4A",,,,,,"NDUFA12",,,"OR2T6",,,,,,"PIK3R3",,,,,,
,,,,,"ATP6V0D1",,,,,,,,,,,,,,,,,,,,,,,,,"THOC7",,,,,,"AQR",,,,,"BDKRB1","CNGB3",,,"PDGFD",,,"UBE4A",,,,,,"MDM2",,"SEH1L",,"TP53",,"FZD7",,,"PRKCG",,"CD4","TUBA3C",,,,,,"GNG12",,,"OR1L4",,,,,,"CREB3L1",,,,,,
,,,,,"COX7A2L",,,,,,,,,,,,,,,,,,,,,,,,,"NUP214",,,,,,"EIF4A3",,,,,"BDKRB2","PPP1CA",,,"PIP5K1A",,,"RNF7",,,,,,"RAB8A",,"FZD1",,"TSC1",,"FZD8",,,"MAPK1",,"CD6","VASP",,,,,,"MAPK8",,,"OR52B2",,,,,,"GNG8",,,,,,
,,,,,"ATP6V1F",,,,,,,,,,,,,,,,,,,,,,,,,"PABPC1L",,,,,,"DHX38",,,,,"RYR1","PPP1CB",,,"PIP5K1B",,,"UBE3C",,,,,,"IQSEC3",,"FZD4",,"TSC2",,"FZD9",,,"MAPK3",,"CD8A","EZR",,,,,,"MAPK11",,,"OR4C3",,,,,,"CREB5",,,,,,
,,,,,"COX5A",,,,,,,,,,,,,,,,,,,,,,,,,"AAAS",,,,,,"DDX46",,,,,"RYR2","PPP1CC",,,"PIK3R3",,,"KEAP1",,,,,,"NEDD4",,"FZD6",,"VDAC1",,"TCF7L1",,,"MAPK8",,"CD8B","WAS",,,,,,"MAPK9",,,"OR4S1",,,,,,,,,,,,
,,,,,"ATP6V1G1",,,,,,,,,,,,,,,,,,,,,,,,,"FXR1",,,,,,"CDC5L",,,,,"RYR3","PRKACA",,,"DGKZ",,,"CUL7",,,,,,"ASAP1",,"FZD7",,"VDAC2",,"CUL1",,,"MAPK9",,"CD22","CACNA1D",,,,,,"MAPK10",,,"OR51F1",,,,,,,,,,,,
,,,,,"ATP5J2",,,,,,,,,,,,,,,,,,,,,,,,,"SEH1L",,,,,,"RBM8A",,,,,"SLC8A2","PRKACB",,,"DGKE",,,"RHOBTB1",,,,,,"PARD6A",,"FZD8",,"VDAC3",,"NKD1",,,"MAPK10",,"NRXN3","TUBA1A",,,,,,"MAPK13",,,"OR1C1",,,,,,,,,,,,
,,,,,,,,,,,,,,,,,,,,,,,,,,,,,,"RGPD5",,,,,,"THOC1",,,,,"SLC8A1","PRKACG",,,"DGKD",,,"CDC20",,,,,,"CCDC53",,"FZD9",,"CACNA1D",,"NKD2",,,"PDGFC",,"NRXN1","MICALL2",,,,,,"NDUFA4L2",,,"OR1A2",,,,,,,,,,,,
,,,,,,,,,,,,,,,,,,,,,,,,,,,,,,"WIBG",,,,,,,,,,,"SLC8A3","ADCY10",,,"PLA2G4C",,,"CDC27",,,,,,"VPS36",,"SESN2",,"CALM1",,"RUVBL1",,,"MAP2K1",,"NRXN2","MYH14",,,,,,"SLC17A7",,,"OR2F1",,,,,,,,,,,,
,,,,,,,,,,,,,,,,,,,,,,,,,,,,,,"THOC3",,,,,,,,,,,"STIM1","MAPK1",,,"PPAP2A",,,"CDC34",,,,,,"SH3GLB1",,"ULK1",,"CALM2",,"CCND2",,,"RELN",,"CD28","TUBAL3",,,,,,"SLC17A6",,,"OR2B6",,,,,,,,,,,,
,,,,,,,,,,,,,,,,,,,,,,,,,,,,,,"RAE1",,,,,,,,,,,"TACR2","MAPK3",,,"PPAP2C",,,"RBX1",,,,,,"VPS28",,"WDR24",,"CALM3",,"BTRC",,,"PAK6",,"LRRC4B","ACTN4",,,,,,"ABHD6",,,"OR1J4",,,,,,,,,,,,
,,,,,,,,,,,,,,,,,,,,,,,,,,,,,,"GEMIN2",,,,,,,,,,,"TACR1","MAPK8",,,"PPAP2B",,,,,,,,,"CHMP1A",,"AKT1S1",,"CALML3",,"CCND3",,,"PAK7",,"CD80","SYMPK",,,,,,"PTGS2",,,"OR2M4",,,,,,,,,,,,
,,,,,,,,,,,,,,,,,,,,,,,,,,,,,,"THOC5",,,,,,,,,,,"TACR3","MAPK9",,,"JMJD7-PLA2G4B",,,,,,,,,"SPG21",,"PIK3R3",,"CAPN1",,"WNT3A",,,"BAD",,"CD86","JAM3",,,,,,"GNB4",,,"OR2L2",,,,,,,,,,,,
,,,,,,,,,,,,,,,,,,,,,,,,,,,,,,"EIF4EBP3",,,,,,,,,,,"TBXA2R","MAPK10",,,"SPHK1",,,,,,,,,"CHMP5",,"LAMTOR3",,"CAPN2",,"TBL1Y",,,"PTEN",,"CD34","PARD6G",,,,,,"MAPK12",,,"OR2K2",,,,,,,,,,,,
,,,,,,,,,,,,,,,,,,,,,,,,,,,,,,"EIF3A",,,,,,,,,,,"TNNC2","MAP2K1",,,"DGKI",,,,,,,,,"VTA1",,"WNT3A",,"SLC25A31",,"CER1",,,"PTK2",,"CD40","PARD6B",,,,,,"DAGLA",,,"OR7A17",,,,,,,,,,,,
,,,,,,,,,,,,,,,,,,,,,,,,,,,,,,"EIF3B",,,,,,,,,,,"TNNC1","MAP2K2",,,"LPAR2",,,,,,,,,"PDGFRA",,"ATP6V1E2",,"RASSF5",,"ROCK2",,,"PXN",,"CD40LG","TUBA1C",,,,,,"CACNA1A",,,"OR5L2",,,,,,,,,,,,
,,,,,,,,,,,,,,,,,,,,,,,,,,,,,,"EIF3C",,,,,,,,,,,"TRHR","SUCNR1",,,"CYTH3",,,,,,,,,"CHMP3",,"STRADA",,"PIK3R3",,"RBX1",,,"MYL7",,"CD58","CGNL1",,,,,,"CACNA1B",,,"OR5K1",,,,,,,,,,,,
,,,,,,,,,,,,,,,,,,,,,,,,,,,,,,"EIF3D",,,,,,,,,,,"VDAC1","BAD",,,"CYTH2",,,,,,,,,"VPS29",,"ATP6V1F",,"CCNB3",,,,,"RAC1",,"SDC3","YBX3",,,,,,"CACNA1C",,,"OR5H1",,,,,,,,,,,,
,,,,,,,,,,,,,,,,,,,,,,,,,,,,,,"EIF3F",,,,,,,,,,,"VDAC2","PTCH1",,,"CYTH1",,,,,,,,,"PLD1",,"EIF4E2",,"SQSTM1",,,,,"RAC2",,"CDH1","RUNX1",,,,,,"CACNA1D",,,"OR10J1",,,,,,,,,,,,
,,,,,,,,,,,,,,,,,,,,,,,,,,,,,,"EIF3G",,,,,,,,,,,"VDAC3","PTGER2",,,"GAB2",,,,,,,,,"PLD2",,"ATP6V1G1",,"CCNA2",,,,,"RAC3",,,"ACTN1",,,,,,"CACNA1F",,,"OR8G2",,,,,,,,,,,,
,,,,,,,,,,,,,,,,,,,,,,,,,,,,,,"EIF3H",,,,,,,,,,,"CACNA1A","PTGER3",,,,,,,,,,,,"PML",,"FNIP1",,"CCNA1",,,,,"RAF1",,,"MYH13",,,,,,"CACNA1S",,,"OR8B8",,,,,,,,,,,,
,,,,,,,,,,,,,,,,,,,,,,,,,,,,,,"EIF3I",,,,,,,,,,,"CACNA1B","RAC1",,,,,,,,,,,,"EPN3",,"TTI1",,"CCNB1",,,,,"RAP1A",,,"MPDZ",,,,,,"GNG8",,,"OR8G1",,,,,,,,,,,,
,,,,,,,,,,,,,,,,,,,,,,,,,,,,,,"EIF3J",,,,,,,,,,,"CACNA1C","RAC2",,,,,,,,,,,,"VPS37C",,"DEPDC5",,"CCND2",,,,,"RAP1B",,,"WASL",,,,,,,,,"OR10A3",,,,,,,,,,,,
,,,,,,,,,,,,,,,,,,,,,,,,,,,,,,"EIF4G3",,,,,,,,,,,"CACNA1D","RAC3",,,,,,,,,,,,"ASAP3",,"ULK2",,"BTRC",,,,,"RASGRF1",,,"CLDN10",,,,,,,,,"OR12D2",,,,,,,,,,,,
,,,,,,,,,,,,,,,,,,,,,,,,,,,,,,"PABPC4",,,,,,,,,,,"CACNA1E","RAF1",,,,,,,,,,,,"VPS35",,"TELO2",,"CCND3",,,,,"CCND1",,,"CLDN8",,,,,,,,,"OR11A1",,,,,,,,,,,,
,,,,,,,,,,,,,,,,,,,,,,,,,,,,,,"EIF2B4",,,,,,,,,,,"CACNA1F","RAP1A",,,,,,,,,,,,"ARFGAP1",,,,"CCNE1",,,,,"BCL2",,,"CLDN6",,,,,,,,,"OR10H3",,,,,,,,,,,,
,,,,,,,,,,,,,,,,,,,,,,,,,,,,,,"EIF2B3",,,,,,,,,,,"CACNA1S","RAP1B",,,,,,,,,,,,"PRKCI",,,,"MCU",,,,,"ACTB",,,"CLDN2",,,,,,,,,"OR10G3",,,,,,,,,,,,
,,,,,,,,,,,,,,,,,,,,,,,,,,,,,,"EIF2B2",,,,,,,,,,,"CALM1","RELA",,,,,,,,,,,,"PRKCZ",,,,"CCNB2",,,,,"ROCK1",,,"CLDN1",,,,,,,,,"OR10G2",,,,,,,,,,,,
,,,,,,,,,,,,,,,,,,,,,,,,,,,,,,"EIF2B5",,,,,,,,,,,"ORAI2","ROCK1",,,,,,,,,,,,"PARD3",,,,"CCNE2",,,,,"TNN",,,"CLDN9",,,,,,,,,"OR10H2",,,,,,,,,,,,
,,,,,,,,,,,,,,,,,,,,,,,,,,,,,,"EIF2S2",,,,,,,,,,,"ITPKC","HCN2",,,,,,,,,,,,"PSD",,,,"LIN52",,,,,"PARVG",,,"CD1A",,,,,,,,,"OR10H1",,,,,,,,,,,,
,,,,,,,,,,,,,,,,,,,,,,,,,,,,,,"EIF1AY",,,,,,,,,,,"CALM2","RRAS",,,,,,,,,,,,"SH3GLB2",,,,"CALML4",,,,,"SHC1",,,"CD1B",,,,,,,,,"OR8B2",,,,,,,,,,,,
,,,,,,,,,,,,,,,,,,,,,,,,,,,,,,"NUP210L",,,,,,,,,,,"CALM3","RYR2",,,,,,,,,,,,"CHMP1B",,,,"MAPKAPK2",,,,,"SOS1",,,"CD1C",,,,,,,,,"OR7E24",,,,,,,,,,,,
,,,,,,,,,,,,,,,,,,,,,,,,,,,,,,"POM121L2",,,,,,,,,,,"CALML3","BDNF",,,,,,,,,,,,"SMURF1",,,,"CDK1",,,,,"SOS2",,,"CD1D",,,,,,,,,"OR7C2",,,,,,,,,,,,
,,,,,,,,,,,,,,,,,,,,,,,,,,,,,,"EIF4E2",,,,,,,,,,,"CAMK4","HHIP",,,,,,,,,,,,"RAB22A",,,,"CDC25A",,,,,"SPP1",,,"CD1E",,,,,,,,,"OR7A5",,,,,,,,,,,,
,,,,,,,,,,,,,,,,,,,,,,,,,,,,,,"FXR2",,,,,,,,,,,"CAMK2A","ARAP3",,,,,,,,,,,,"EPS15L1",,,,,,,,,"SRC",,,"ARHGEF2",,,,,,,,,"OR7C1",,,,,,,,,,,,
,,,,,,,,,,,,,,,,,,,,,,,,,,,,,,"NUP155",,,,,,,,,,,"CAMK2B","CREB3L2",,,,,,,,,,,,"SNX6",,,,,,,,,"BRAF",,,"MARVELD3",,,,,,,,,"OR4F4",,,,,,,,,,,,
,,,,,,,,,,,,,,,,,,,,,,,,,,,,,,"EIF5B",,,,,,,,,,,"CAMK2D","SLC9A1",,,,,,,,,,,,"RAB4A",,,,,,,,,"THBS1",,,"MAGI1",,,,,,,,,"OR4F3",,,,,,,,,,,,
,,,,,,,,,,,,,,,,,,,,,,,,,,,,,,"TGS1",,,,,,,,,,,"CAMK2G","SOX9",,,,,,,,,,,,"RAB5A",,,,,,,,,"THBS2",,,"CRB3",,,,,,,,,"OR4E2",,,,,,,,,,,,
,,,,,,,,,,,,,,,,,,,,,,,,,,,,,,"NUP93",,,,,,,,,,,"SLC25A31","BRAF",,,,,,,,,,,,"RAB5B",,,,,,,,,"THBS3",,,"TJAP1",,,,,,,,,"OR4E1",,,,,,,,,,,,
,,,,,,,,,,,,,,,,,,,,,,,,,,,,,,"EIF4A3",,,,,,,,,,,"PLCD4","SSTR1",,,,,,,,,,,,"RAB5C",,,,,,,,,"THBS4",,,"SLC9A3R1",,,,,,,,,"OR4D1",,,,,,,,,,,,
,,,,,,,,,,,,,,,,,,,,,,,,,,,,,,"NUPL1",,,,,,,,,,,"ORAI1","SSTR2",,,,,,,,,,,,"GRK1",,,,,,,,,"TLN1",,,"TJP2",,,,,,,,,"OR2W1",,,,,,,,,,,,
,,,,,,,,,,,,,,,,,,,,,,,,,,,,,,"POM121",,,,,,,,,,,"MYLK2","SSTR5",,,,,,,,,,,,"SMAP1",,,,,,,,,"ACTG1",,,"ROCK2",,,,,,,,,"OR2V1",,,,,,,,,,,,
,,,,,,,,,,,,,,,,,,,,,,,,,,,,,,"RBM8A",,,,,,,,,,,"CCKAR","TIAM1",,,,,,,,,,,,"ZFYVE20",,,,,,,,,"TNR",,,"RAPGEF2",,,,,,,,,"OR2T1",,,,,,,,,,,,
,,,,,,,,,,,,,,,,,,,,,,,,,,,,,,"NUP153",,,,,,,,,,,"CCKBR","TNNI3",,,,,,,,,,,,"ARAP3",,,,,,,,,"TNXB",,,"CDC42",,,,,,,,,"OR2J2",,,,,,,,,,,,
,,,,,,,,,,,,,,,,,,,,,,,,,,,,,,"THOC1",,,,,,,,,,,"SPHK1","TSHR",,,,,,,,,,,,"WIPF3",,,,,,,,,"VASP",,,,,,,,,,,,"OR2H1",,,,,,,,,,,,
,,,,,,,,,,,,,,,,,,,,,,,,,,,,,,,,,,,,,,,,,"CACNA1I","VAV1",,,,,,,,,,,,"SH3GL1",,,,,,,,,"VAV1",,,,,,,,,,,,"OR1L3",,,,,,,,,,,,
,,,,,,,,,,,,,,,,,,,,,,,,,,,,,,,,,,,,,,,,,"CACNA1H","VAV2",,,,,,,,,,,,"SH3GL2",,,,,,,,,"VAV2",,,,,,,,,,,,"OR1L1",,,,,,,,,,,,
,,,,,,,,,,,,,,,,,,,,,,,,,,,,,,,,,,,,,,,,,"CACNA1G","VIPR2",,,,,,,,,,,,"SH3GL3",,,,,,,,,"VCL",,,,,,,,,,,,"OR1J2",,,,,,,,,,,,
,,,,,,,,,,,,,,,,,,,,,,,,,,,,,,,,,,,,,,,,,"PLCZ1","CACNA1C",,,,,,,,,,,,"SMAP2",,,,,,,,,"VEGFA",,,,,,,,,,,,"GNAL",,,,,,,,,,,,
,,,,,,,,,,,,,,,,,,,,,,,,,,,,,,,,,,,,,,,,,"MCU","CACNA1D",,,,,,,,,,,,"SMURF2",,,,,,,,,"VEGFB",,,,,,,,,,,,"GNB1",,,,,,,,,,,,
,,,,,,,,,,,,,,,,,,,,,,,,,,,,,,,,,,,,,,,,,"P2RX6","CACNA1F",,,,,,,,,,,,"SNX1",,,,,,,,,"VEGFC",,,,,,,,,,,,"GNG7",,,,,,,,,,,,
,,,,,,,,,,,,,,,,,,,,,,,,,,,,,,,,,,,,,,,,,"MYLK3","CACNA1S",,,,,,,,,,,,"SNX2",,,,,,,,,"VTN",,,,,,,,,,,,"OR51B5",,,,,,,,,,,,
,,,,,,,,,,,,,,,,,,,,,,,,,,,,,,,,,,,,,,,,,"CALML4","CALM1",,,,,,,,,,,,"SRC",,,,,,,,,"VWF",,,,,,,,,,,,"OR10AG1",,,,,,,,,,,,
,,,,,,,,,,,,,,,,,,,,,,,,,,,,,,,,,,,,,,,,,"ORAI3","CALM2",,,,,,,,,,,,"TFRC",,,,,,,,,"ZYX",,,,,,,,,,,,"OR5J2",,,,,,,,,,,,
,,,,,,,,,,,,,,,,,,,,,,,,,,,,,,,,,,,,,,,,,"CD38","CALM3",,,,,,,,,,,,"TGFBR1",,,,,,,,,"PDGFD",,,,,,,,,,,,"OR4C13",,,,,,,,,,,,
,,,,,,,,,,,,,,,,,,,,,,,,,,,,,,,,,,,,,,,,,"GNA14","CALML3",,,,,,,,,,,,"TGFBR2",,,,,,,,,"ACTN4",,,,,,,,,,,,"OR4C12",,,,,,,,,,,,
,,,,,,,,,,,,,,,,,,,,,,,,,,,,,,,,,,,,,,,,,,"CAMK4",,,,,,,,,,,,"TRAF6",,,,,,,,,"CAPN2",,,,,,,,,,,,"OR51V1",,,,,,,,,,,,
,,,,,,,,,,,,,,,,,,,,,,,,,,,,,,,,,,,,,,,,,,"CAMK2A",,,,,,,,,,,,"TSG101",,,,,,,,,"TLN2",,,,,,,,,,,,"OR8D1",,,,,,,,,,,,
,,,,,,,,,,,,,,,,,,,,,,,,,,,,,,,,,,,,,,,,,,"CAMK2B",,,,,,,,,,,,"UBB",,,,,,,,,"PIK3R3",,,,,,,,,,,,"OR8D2",,,,,,,,,,,,
,,,,,,,,,,,,,,,,,,,,,,,,,,,,,,,,,,,,,,,,,,"CAMK2D",,,,,,,,,,,,"WAS",,,,,,,,,"ITGA10",,,,,,,,,,,,"OR8B4",,,,,,,,,,,,
,,,,,,,,,,,,,,,,,,,,,,,,,,,,,,,,,,,,,,,,,,"CAMK2G",,,,,,,,,,,,"WIPF1",,,,,,,,,"ITGA8",,,,,,,,,,,,"OR9G4",,,,,,,,,,,,
,,,,,,,,,,,,,,,,,,,,,,,,,,,,,,,,,,,,,,,,,,"ACOX3",,,,,,,,,,,,"CXCR4",,,,,,,,,"MYLK2",,,,,,,,,,,,"OR10A4",,,,,,,,,,,,
,,,,,,,,,,,,,,,,,,,,,,,,,,,,,,,,,,,,,,,,,,"PPP1R1B",,,,,,,,,,,,"RAB7A",,,,,,,,,"CAV1",,,,,,,,,,,,"OR6C6",,,,,,,,,,,,
,,,,,,,,,,,,,,,,,,,,,,,,,,,,,,,,,,,,,,,,,,"CREB3L3",,,,,,,,,,,,"CHMP6",,,,,,,,,"CAV2",,,,,,,,,,,,"OR4N4",,,,,,,,,,,,
,,,,,,,,,,,,,,,,,,,,,,,,,,,,,,,,,,,,,,,,,,"ORAI1",,,,,,,,,,,,"VPS37B",,,,,,,,,"CAV3",,,,,,,,,,,,"OR2Z1",,,,,,,,,,,,
,,,,,,,,,,,,,,,,,,,,,,,,,,,,,,,,,,,,,,,,,,"PIK3R3",,,,,,,,,,,,"RAB11FIP1",,,,,,,,,"ACTN1",,,,,,,,,,,,"OR10H5",,,,,,,,,,,,
,,,,,,,,,,,,,,,,,,,,,,,,,,,,,,,,,,,,,,,,,,"HCAR3",,,,,,,,,,,,"RUFY1",,,,,,,,,"CCND2",,,,,,,,,,,,"OR2L13",,,,,,,,,,,,
,,,,,,,,,,,,,,,,,,,,,,,,,,,,,,,,,,,,,,,,,,"CREB3L1",,,,,,,,,,,,"STAM",,,,,,,,,"CCND3",,,,,,,,,,,,"OR14A16",,,,,,,,,,,,
,,,,,,,,,,,,,,,,,,,,,,,,,,,,,,,,,,,,,,,,,,"CALML4",,,,,,,,,,,,"ARPC5L",,,,,,,,,"MYLK3",,,,,,,,,,,,"OR2V2",,,,,,,,,,,,
,,,,,,,,,,,,,,,,,,,,,,,,,,,,,,,,,,,,,,,,,,"ROCK2",,,,,,,,,,,,"CLTCL1",,,,,,,,,"MYL10",,,,,,,,,,,,"OR13C9",,,,,,,,,,,,
,,,,,,,,,,,,,,,,,,,,,,,,,,,,,,,,,,,,,,,,,,"GABBR2",,,,,,,,,,,,"CAPZA1",,,,,,,,,"ROCK2",,,,,,,,,,,,"OR13D1",,,,,,,,,,,,
,,,,,,,,,,,,,,,,,,,,,,,,,,,,,,,,,,,,,,,,,,"CREB5",,,,,,,,,,,,"CAPZA2",,,,,,,,,"BCAR1",,,,,,,,,,,,"GUCY2D",,,,,,,,,,,,
,,,,,,,,,,,,,,,,,,,,,,,,,,,,,,,,,,,,,,,,,,,,,,,,,,,,,,"CAPZB",,,,,,,,,"CDC42",,,,,,,,,,,,"OR8D4",,,,,,,,,,,,
,,,,,,,,,,,,,,,,,,,,,,,,,,,,,,,,,,,,,,,,,,,,,,,,,,,,,,"ITCH",,,,,,,,,,,,,,,,,,,,,"OR5F1",,,,,,,,,,,,
,,,,,,,,,,,,,,,,,,,,,,,,,,,,,,,,,,,,,,,,,,,,,,,,,,,,,,"PIP5K1A",,,,,,,,,,,,,,,,,,,,,"OR5AP2",,,,,,,,,,,,
,,,,,,,,,,,,,,,,,,,,,,,,,,,,,,,,,,,,,,,,,,,,,,,,,,,,,,"PIP5K1B",,,,,,,,,,,,,,,,,,,,,"OR52L1",,,,,,,,,,,,
,,,,,,,,,,,,,,,,,,,,,,,,,,,,,,,,,,,,,,,,,,,,,,,,,,,,,,"EEA1",,,,,,,,,,,,,,,,,,,,,"OR2AG2",,,,,,,,,,,,
,,,,,,,,,,,,,,,,,,,,,,,,,,,,,,,,,,,,,,,,,,,,,,,,,,,,,,"PSD2",,,,,,,,,,,,,,,,,,,,,"OR52B6",,,,,,,,,,,,
,,,,,,,,,,,,,,,,,,,,,,,,,,,,,,,,,,,,,,,,,,,,,,,,,,,,,,"VPS25",,,,,,,,,,,,,,,,,,,,,"OR2AT4",,,,,,,,,,,,
,,,,,,,,,,,,,,,,,,,,,,,,,,,,,,,,,,,,,,,,,,,,,,,,,,,,,,"ARFGAP2",,,,,,,,,,,,,,,,,,,,,"OR10A2",,,,,,,,,,,,
,,,,,,,,,,,,,,,,,,,,,,,,,,,,,,,,,,,,,,,,,,,,,,,,,,,,,,"RAB11FIP4",,,,,,,,,,,,,,,,,,,,,"OR6C2",,,,,,,,,,,,
,,,,,,,,,,,,,,,,,,,,,,,,,,,,,,,,,,,,,,,,,,,,,,,,,,,,,,"PARD6G",,,,,,,,,,,,,,,,,,,,,"OR6C4",,,,,,,,,,,,
,,,,,,,,,,,,,,,,,,,,,,,,,,,,,,,,,,,,,,,,,,,,,,,,,,,,,,"PARD6B",,,,,,,,,,,,,,,,,,,,,"OR8S1",,,,,,,,,,,,
,,,,,,,,,,,,,,,,,,,,,,,,,,,,,,,,,,,,,,,,,,,,,,,,,,,,,,"CAV1",,,,,,,,,,,,,,,,,,,,,"OR6S1",,,,,,,,,,,,
,,,,,,,,,,,,,,,,,,,,,,,,,,,,,,,,,,,,,,,,,,,,,,,,,,,,,,"CAV2",,,,,,,,,,,,,,,,,,,,,"OR6F1",,,,,,,,,,,,
,,,,,,,,,,,,,,,,,,,,,,,,,,,,,,,,,,,,,,,,,,,,,,,,,,,,,,"CAV3",,,,,,,,,,,,,,,,,,,,,"OR2W3",,,,,,,,,,,,
,,,,,,,,,,,,,,,,,,,,,,,,,,,,,,,,,,,,,,,,,,,,,,,,,,,,,,"CBL",,,,,,,,,,,,,,,,,,,,,"OR2T8",,,,,,,,,,,,
,,,,,,,,,,,,,,,,,,,,,,,,,,,,,,,,,,,,,,,,,,,,,,,,,,,,,,"CBLB",,,,,,,,,,,,,,,,,,,,,"OR2T3",,,,,,,,,,,,
,,,,,,,,,,,,,,,,,,,,,,,,,,,,,,,,,,,,,,,,,,,,,,,,,,,,,,"SNX4",,,,,,,,,,,,,,,,,,,,,"OR10R2",,,,,,,,,,,,
,,,,,,,,,,,,,,,,,,,,,,,,,,,,,,,,,,,,,,,,,,,,,,,,,,,,,,"SNX3",,,,,,,,,,,,,,,,,,,,,"OR2T29",,,,,,,,,,,,
,,,,,,,,,,,,,,,,,,,,,,,,,,,,,,,,,,,,,,,,,,,,,,,,,,,,,,"GBF1",,,,,,,,,,,,,,,,,,,,,"OR6V1",,,,,,,,,,,,
,,,,,,,,,,,,,,,,,,,,,,,,,,,,,,,,,,,,,,,,,,,,,,,,,,,,,,"RAB11A",,,,,,,,,,,,,,,,,,,,,"OR2A12",,,,,,,,,,,,
,,,,,,,,,,,,,,,,,,,,,,,,,,,,,,,,,,,,,,,,,,,,,,,,,,,,,,"ASAP2",,,,,,,,,,,,,,,,,,,,,"OR2A1",,,,,,,,,,,,
,,,,,,,,,,,,,,,,,,,,,,,,,,,,,,,,,,,,,,,,,,,,,,,,,,,,,,"WASL",,,,,,,,,,,,,,,,,,,,,"OR1J1",,,,,,,,,,,,
,,,,,,,,,,,,,,,,,,,,,,,,,,,,,,,,,,,,,,,,,,,,,,,,,,,,,,"MVB12B",,,,,,,,,,,,,,,,,,,,,"OR1B1",,,,,,,,,,,,
,,,,,,,,,,,,,,,,,,,,,,,,,,,,,,,,,,,,,,,,,,,,,,,,,,,,,,"USP8",,,,,,,,,,,,,,,,,,,,,"OR13H1",,,,,,,,,,,,
,,,,,,,,,,,,,,,,,,,,,,,,,,,,,,,,,,,,,,,,,,,,,,,,,,,,,,"RABEP1",,,,,,,,,,,,,,,,,,,,,"OR56B1",,,,,,,,,,,,
,,,,,,,,,,,,,,,,,,,,,,,,,,,,,,,,,,,,,,,,,,,,,,,,,,,,,,"HGS",,,,,,,,,,,,,,,,,,,,,"OR6B2",,,,,,,,,,,,
,,,,,,,,,,,,,,,,,,,,,,,,,,,,,,,,,,,,,,,,,,,,,,,,,,,,,,"CHMP7",,,,,,,,,,,,,,,,,,,,,"OR52K1",,,,,,,,,,,,
,,,,,,,,,,,,,,,,,,,,,,,,,,,,,,,,,,,,,,,,,,,,,,,,,,,,,,"RAB11B",,,,,,,,,,,,,,,,,,,,,"OR52I1",,,,,,,,,,,,
,,,,,,,,,,,,,,,,,,,,,,,,,,,,,,,,,,,,,,,,,,,,,,,,,,,,,,"CHMP4C",,,,,,,,,,,,,,,,,,,,,"OR51D1",,,,,,,,,,,,
,,,,,,,,,,,,,,,,,,,,,,,,,,,,,,,,,,,,,,,,,,,,,,,,,,,,,,"CYTH3",,,,,,,,,,,,,,,,,,,,,"OR52A5",,,,,,,,,,,,
,,,,,,,,,,,,,,,,,,,,,,,,,,,,,,,,,,,,,,,,,,,,,,,,,,,,,,"CYTH2",,,,,,,,,,,,,,,,,,,,,"OR51B6",,,,,,,,,,,,
,,,,,,,,,,,,,,,,,,,,,,,,,,,,,,,,,,,,,,,,,,,,,,,,,,,,,,"CYTH1",,,,,,,,,,,,,,,,,,,,,"OR51M1",,,,,,,,,,,,
,,,,,,,,,,,,,,,,,,,,,,,,,,,,,,,,,,,,,,,,,,,,,,,,,,,,,,"MVB12A",,,,,,,,,,,,,,,,,,,,,"OR51Q1",,,,,,,,,,,,
,,,,,,,,,,,,,,,,,,,,,,,,,,,,,,,,,,,,,,,,,,,,,,,,,,,,,,"CAPZA3",,,,,,,,,,,,,,,,,,,,,"OR51I1",,,,,,,,,,,,
,,,,,,,,,,,,,,,,,,,,,,,,,,,,,,,,,,,,,,,,,,,,,,,,,,,,,,"ZFYVE9",,,,,,,,,,,,,,,,,,,,,"OR51I2",,,,,,,,,,,,
,,,,,,,,,,,,,,,,,,,,,,,,,,,,,,,,,,,,,,,,,,,,,,,,,,,,,,"VPS4B",,,,,,,,,,,,,,,,,,,,,"OR52D1",,,,,,,,,,,,
,,,,,,,,,,,,,,,,,,,,,,,,,,,,,,,,,,,,,,,,,,,,,,,,,,,,,,"VPS26A",,,,,,,,,,,,,,,,,,,,,"OR52H1",,,,,,,,,,,,
,,,,,,,,,,,,,,,,,,,,,,,,,,,,,,,,,,,,,,,,,,,,,,,,,,,,,,"RAB11FIP3",,,,,,,,,,,,,,,,,,,,,"OR52N4",,,,,,,,,,,,
,,,,,,,,,,,,,,,,,,,,,,,,,,,,,,,,,,,,,,,,,,,,,,,,,,,,,,"ACAP1",,,,,,,,,,,,,,,,,,,,,"OR52N5",,,,,,,,,,,,
,,,,,,,,,,,,,,,,,,,,,,,,,,,,,,,,,,,,,,,,,,,,,,,,,,,,,,"ZFYVE16",,,,,,,,,,,,,,,,,,,,,"OR52N2",,,,,,,,,,,,
,,,,,,,,,,,,,,,,,,,,,,,,,,,,,,,,,,,,,,,,,,,,,,,,,,,,,,"IST1",,,,,,,,,,,,,,,,,,,,,"OR52E6",,,,,,,,,,,,
,,,,,,,,,,,,,,,,,,,,,,,,,,,,,,,,,,,,,,,,,,,,,,,,,,,,,,"GIT2",,,,,,,,,,,,,,,,,,,,,"OR52E8",,,,,,,,,,,,
,,,,,,,,,,,,,,,,,,,,,,,,,,,,,,,,,,,,,,,,,,,,,,,,,,,,,,"DNAJC6",,,,,,,,,,,,,,,,,,,,,"OR52E4",,,,,,,,,,,,
,,,,,,,,,,,,,,,,,,,,,,,,,,,,,,,,,,,,,,,,,,,,,,,,,,,,,,"KIAA0196",,,,,,,,,,,,,,,,,,,,,"OR56A3",,,,,,,,,,,,
,,,,,,,,,,,,,,,,,,,,,,,,,,,,,,,,,,,,,,,,,,,,,,,,,,,,,,"IQSEC1",,,,,,,,,,,,,,,,,,,,,"OR56A5",,,,,,,,,,,,
,,,,,,,,,,,,,,,,,,,,,,,,,,,,,,,,,,,,,,,,,,,,,,,,,,,,,,"CDC42",,,,,,,,,,,,,,,,,,,,,"OR10A6",,,,,,,,,,,,
,,,,,,,,,,,,,,,,,,,,,,,,,,,,,,,,,,,,,,,,,,,,,,,,,,,,,,,,,,,,,,,,,,,,,,,,,,,"OR4X1",,,,,,,,,,,,
,,,,,,,,,,,,,,,,,,,,,,,,,,,,,,,,,,,,,,,,,,,,,,,,,,,,,,,,,,,,,,,,,,,,,,,,,,,"OR5D13",,,,,,,,,,,,
,,,,,,,,,,,,,,,,,,,,,,,,,,,,,,,,,,,,,,,,,,,,,,,,,,,,,,,,,,,,,,,,,,,,,,,,,,,"OR5D16",,,,,,,,,,,,
,,,,,,,,,,,,,,,,,,,,,,,,,,,,,,,,,,,,,,,,,,,,,,,,,,,,,,,,,,,,,,,,,,,,,,,,,,,"OR5W2",,,,,,,,,,,,
,,,,,,,,,,,,,,,,,,,,,,,,,,,,,,,,,,,,,,,,,,,,,,,,,,,,,,,,,,,,,,,,,,,,,,,,,,,"OR8H2",,,,,,,,,,,,
,,,,,,,,,,,,,,,,,,,,,,,,,,,,,,,,,,,,,,,,,,,,,,,,,,,,,,,,,,,,,,,,,,,,,,,,,,,"OR8H3",,,,,,,,,,,,
,,,,,,,,,,,,,,,,,,,,,,,,,,,,,,,,,,,,,,,,,,,,,,,,,,,,,,,,,,,,,,,,,,,,,,,,,,,"OR5T3",,,,,,,,,,,,
,,,,,,,,,,,,,,,,,,,,,,,,,,,,,,,,,,,,,,,,,,,,,,,,,,,,,,,,,,,,,,,,,,,,,,,,,,,"OR5T1",,,,,,,,,,,,
,,,,,,,,,,,,,,,,,,,,,,,,,,,,,,,,,,,,,,,,,,,,,,,,,,,,,,,,,,,,,,,,,,,,,,,,,,,"OR8K1",,,,,,,,,,,,
,,,,,,,,,,,,,,,,,,,,,,,,,,,,,,,,,,,,,,,,,,,,,,,,,,,,,,,,,,,,,,,,,,,,,,,,,,,"OR5M9",,,,,,,,,,,,
,,,,,,,,,,,,,,,,,,,,,,,,,,,,,,,,,,,,,,,,,,,,,,,,,,,,,,,,,,,,,,,,,,,,,,,,,,,"OR5M10",,,,,,,,,,,,
,,,,,,,,,,,,,,,,,,,,,,,,,,,,,,,,,,,,,,,,,,,,,,,,,,,,,,,,,,,,,,,,,,,,,,,,,,,"OR5M1",,,,,,,,,,,,
,,,,,,,,,,,,,,,,,,,,,,,,,,,,,,,,,,,,,,,,,,,,,,,,,,,,,,,,,,,,,,,,,,,,,,,,,,,"OR9G1",,,,,,,,,,,,
,,,,,,,,,,,,,,,,,,,,,,,,,,,,,,,,,,,,,,,,,,,,,,,,,,,,,,,,,,,,,,,,,,,,,,,,,,,"OR5AK2",,,,,,,,,,,,
,,,,,,,,,,,,,,,,,,,,,,,,,,,,,,,,,,,,,,,,,,,,,,,,,,,,,,,,,,,,,,,,,,,,,,,,,,,"OR5B2",,,,,,,,,,,,
,,,,,,,,,,,,,,,,,,,,,,,,,,,,,,,,,,,,,,,,,,,,,,,,,,,,,,,,,,,,,,,,,,,,,,,,,,,"OR5B12",,,,,,,,,,,,
,,,,,,,,,,,,,,,,,,,,,,,,,,,,,,,,,,,,,,,,,,,,,,,,,,,,,,,,,,,,,,,,,,,,,,,,,,,"OR5AN1",,,,,,,,,,,,
,,,,,,,,,,,,,,,,,,,,,,,,,,,,,,,,,,,,,,,,,,,,,,,,,,,,,,,,,,,,,,,,,,,,,,,,,,,"OR4D10",,,,,,,,,,,,
,,,,,,,,,,,,,,,,,,,,,,,,,,,,,,,,,,,,,,,,,,,,,,,,,,,,,,,,,,,,,,,,,,,,,,,,,,,"OR4D9",,,,,,,,,,,,
,,,,,,,,,,,,,,,,,,,,,,,,,,,,,,,,,,,,,,,,,,,,,,,,,,,,,,,,,,,,,,,,,,,,,,,,,,,"OR10V1",,,,,,,,,,,,
,,,,,,,,,,,,,,,,,,,,,,,,,,,,,,,,,,,,,,,,,,,,,,,,,,,,,,,,,,,,,,,,,,,,,,,,,,,"OR6X1",,,,,,,,,,,,
,,,,,,,,,,,,,,,,,,,,,,,,,,,,,,,,,,,,,,,,,,,,,,,,,,,,,,,,,,,,,,,,,,,,,,,,,,,"OR6M1",,,,,,,,,,,,
,,,,,,,,,,,,,,,,,,,,,,,,,,,,,,,,,,,,,,,,,,,,,,,,,,,,,,,,,,,,,,,,,,,,,,,,,,,"OR10G4",,,,,,,,,,,,
,,,,,,,,,,,,,,,,,,,,,,,,,,,,,,,,,,,,,,,,,,,,,,,,,,,,,,,,,,,,,,,,,,,,,,,,,,,"OR10G7",,,,,,,,,,,,
,,,,,,,,,,,,,,,,,,,,,,,,,,,,,,,,,,,,,,,,,,,,,,,,,,,,,,,,,,,,,,,,,,,,,,,,,,,"OR8B3",,,,,,,,,,,,
,,,,,,,,,,,,,,,,,,,,,,,,,,,,,,,,,,,,,,,,,,,,,,,,,,,,,,,,,,,,,,,,,,,,,,,,,,,"OR8A1",,,,,,,,,,,,
,,,,,,,,,,,,,,,,,,,,,,,,,,,,,,,,,,,,,,,,,,,,,,,,,,,,,,,,,,,,,,,,,,,,,,,,,,,"OR6C1",,,,,,,,,,,,
,,,,,,,,,,,,,,,,,,,,,,,,,,,,,,,,,,,,,,,,,,,,,,,,,,,,,,,,,,,,,,,,,,,,,,,,,,,"OR6C75",,,,,,,,,,,,
,,,,,,,,,,,,,,,,,,,,,,,,,,,,,,,,,,,,,,,,,,,,,,,,,,,,,,,,,,,,,,,,,,,,,,,,,,,"OR6C76",,,,,,,,,,,,
,,,,,,,,,,,,,,,,,,,,,,,,,,,,,,,,,,,,,,,,,,,,,,,,,,,,,,,,,,,,,,,,,,,,,,,,,,,"OR6C70",,,,,,,,,,,,
,,,,,,,,,,,,,,,,,,,,,,,,,,,,,,,,,,,,,,,,,,,,,,,,,,,,,,,,,,,,,,,,,,,,,,,,,,,"OR4N2",,,,,,,,,,,,
,,,,,,,,,,,,,,,,,,,,,,,,,,,,,,,,,,,,,,,,,,,,,,,,,,,,,,,,,,,,,,,,,,,,,,,,,,,"OR4K2",,,,,,,,,,,,
,,,,,,,,,,,,,,,,,,,,,,,,,,,,,,,,,,,,,,,,,,,,,,,,,,,,,,,,,,,,,,,,,,,,,,,,,,,"OR4K13",,,,,,,,,,,,
,,,,,,,,,,,,,,,,,,,,,,,,,,,,,,,,,,,,,,,,,,,,,,,,,,,,,,,,,,,,,,,,,,,,,,,,,,,"OR4K17",,,,,,,,,,,,
,,,,,,,,,,,,,,,,,,,,,,,,,,,,,,,,,,,,,,,,,,,,,,,,,,,,,,,,,,,,,,,,,,,,,,,,,,,"OR4N5",,,,,,,,,,,,
,,,,,,,,,,,,,,,,,,,,,,,,,,,,,,,,,,,,,,,,,,,,,,,,,,,,,,,,,,,,,,,,,,,,,,,,,,,"OR11G2",,,,,,,,,,,,
,,,,,,,,,,,,,,,,,,,,,,,,,,,,,,,,,,,,,,,,,,,,,,,,,,,,,,,,,,,,,,,,,,,,,,,,,,,"OR11H4",,,,,,,,,,,,
,,,,,,,,,,,,,,,,,,,,,,,,,,,,,,,,,,,,,,,,,,,,,,,,,,,,,,,,,,,,,,,,,,,,,,,,,,,"OR5AU1",,,,,,,,,,,,
,,,,,,,,,,,,,,,,,,,,,,,,,,,,,,,,,,,,,,,,,,,,,,,,,,,,,,,,,,,,,,,,,,,,,,,,,,,"OR4M2",,,,,,,,,,,,
,,,,,,,,,,,,,,,,,,,,,,,,,,,,,,,,,,,,,,,,,,,,,,,,,,,,,,,,,,,,,,,,,,,,,,,,,,,"OR4F6",,,,,,,,,,,,
,,,,,,,,,,,,,,,,,,,,,,,,,,,,,,,,,,,,,,,,,,,,,,,,,,,,,,,,,,,,,,,,,,,,,,,,,,,"OR4F15",,,,,,,,,,,,
,,,,,,,,,,,,,,,,,,,,,,,,,,,,,,,,,,,,,,,,,,,,,,,,,,,,,,,,,,,,,,,,,,,,,,,,,,,"OR7G2",,,,,,,,,,,,
,,,,,,,,,,,,,,,,,,,,,,,,,,,,,,,,,,,,,,,,,,,,,,,,,,,,,,,,,,,,,,,,,,,,,,,,,,,"OR7G3",,,,,,,,,,,,
,,,,,,,,,,,,,,,,,,,,,,,,,,,,,,,,,,,,,,,,,,,,,,,,,,,,,,,,,,,,,,,,,,,,,,,,,,,"OR7A10",,,,,,,,,,,,
,,,,,,,,,,,,,,,,,,,,,,,,,,,,,,,,,,,,,,,,,,,,,,,,,,,,,,,,,,,,,,,,,,,,,,,,,,,"OR10K2",,,,,,,,,,,,
,,,,,,,,,,,,,,,,,,,,,,,,,,,,,,,,,,,,,,,,,,,,,,,,,,,,,,,,,,,,,,,,,,,,,,,,,,,"OR10K1",,,,,,,,,,,,
,,,,,,,,,,,,,,,,,,,,,,,,,,,,,,,,,,,,,,,,,,,,,,,,,,,,,,,,,,,,,,,,,,,,,,,,,,,"OR6Y1",,,,,,,,,,,,
,,,,,,,,,,,,,,,,,,,,,,,,,,,,,,,,,,,,,,,,,,,,,,,,,,,,,,,,,,,,,,,,,,,,,,,,,,,"OR6K3",,,,,,,,,,,,
,,,,,,,,,,,,,,,,,,,,,,,,,,,,,,,,,,,,,,,,,,,,,,,,,,,,,,,,,,,,,,,,,,,,,,,,,,,"OR11L1",,,,,,,,,,,,
,,,,,,,,,,,,,,,,,,,,,,,,,,,,,,,,,,,,,,,,,,,,,,,,,,,,,,,,,,,,,,,,,,,,,,,,,,,"OR2L8",,,,,,,,,,,,
,,,,,,,,,,,,,,,,,,,,,,,,,,,,,,,,,,,,,,,,,,,,,,,,,,,,,,,,,,,,,,,,,,,,,,,,,,,"OR2AK2",,,,,,,,,,,,
,,,,,,,,,,,,,,,,,,,,,,,,,,,,,,,,,,,,,,,,,,,,,,,,,,,,,,,,,,,,,,,,,,,,,,,,,,,"OR2L3",,,,,,,,,,,,
,,,,,,,,,,,,,,,,,,,,,,,,,,,,,,,,,,,,,,,,,,,,,,,,,,,,,,,,,,,,,,,,,,,,,,,,,,,"OR2M2",,,,,,,,,,,,
,,,,,,,,,,,,,,,,,,,,,,,,,,,,,,,,,,,,,,,,,,,,,,,,,,,,,,,,,,,,,,,,,,,,,,,,,,,"OR2T33",,,,,,,,,,,,
,,,,,,,,,,,,,,,,,,,,,,,,,,,,,,,,,,,,,,,,,,,,,,,,,,,,,,,,,,,,,,,,,,,,,,,,,,,"OR2M7",,,,,,,,,,,,
,,,,,,,,,,,,,,,,,,,,,,,,,,,,,,,,,,,,,,,,,,,,,,,,,,,,,,,,,,,,,,,,,,,,,,,,,,,"OR2G6",,,,,,,,,,,,
,,,,,,,,,,,,,,,,,,,,,,,,,,,,,,,,,,,,,,,,,,,,,,,,,,,,,,,,,,,,,,,,,,,,,,,,,,,"OR2A25",,,,,,,,,,,,
,,,,,,,,,,,,,,,,,,,,,,,,,,,,,,,,,,,,,,,,,,,,,,,,,,,,,,,,,,,,,,,,,,,,,,,,,,,"OR13J1",,,,,,,,,,,,
,,,,,,,,,,,,,,,,,,,,,,,,,,,,,,,,,,,,,,,,,,,,,,,,,,,,,,,,,,,,,,,,,,,,,,,,,,,"OR13C2",,,,,,,,,,,,
,,,,,,,,,,,,,,,,,,,,,,,,,,,,,,,,,,,,,,,,,,,,,,,,,,,,,,,,,,,,,,,,,,,,,,,,,,,"OR1L6",,,,,,,,,,,,
,,,,,,,,,,,,,,,,,,,,,,,,,,,,,,,,,,,,,,,,,,,,,,,,,,,,,,,,,,,,,,,,,,,,,,,,,,,"OR5C1",,,,,,,,,,,,
,,,,,,,,,,,,,,,,,,,,,,,,,,,,,,,,,,,,,,,,,,,,,,,,,,,,,,,,,,,,,,,,,,,,,,,,,,,"OR1K1",,,,,,,,,,,,
,,,,,,,,,,,,,,,,,,,,,,,,,,,,,,,,,,,,,,,,,,,,,,,,,,,,,,,,,,,,,,,,,,,,,,,,,,,"OR2A5",,,,,,,,,,,,
,,,,,,,,,,,,,,,,,,,,,,,,,,,,,,,,,,,,,,,,,,,,,,,,,,,,,,,,,,,,,,,,,,,,,,,,,,,"OR2A7",,,,,,,,,,,,
,,,,,,,,,,,,,,,,,,,,,,,,,,,,,,,,,,,,,,,,,,,,,,,,,,,,,,,,,,,,,,,,,,,,,,,,,,,"OR51T1",,,,,,,,,,,,
,,,,,,,,,,,,,,,,,,,,,,,,,,,,,,,,,,,,,,,,,,,,,,,,,,,,,,,,,,,,,,,,,,,,,,,,,,,"OR51A4",,,,,,,,,,,,
,,,,,,,,,,,,,,,,,,,,,,,,,,,,,,,,,,,,,,,,,,,,,,,,,,,,,,,,,,,,,,,,,,,,,,,,,,,"OR51A2",,,,,,,,,,,,
,,,,,,,,,,,,,,,,,,,,,,,,,,,,,,,,,,,,,,,,,,,,,,,,,,,,,,,,,,,,,,,,,,,,,,,,,,,"OR2T2",,,,,,,,,,,,
,,,,,,,,,,,,,,,,,,,,,,,,,,,,,,,,,,,,,,,,,,,,,,,,,,,,,,,,,,,,,,,,,,,,,,,,,,,"OR2T5",,,,,,,,,,,,
,,,,,,,,,,,,,,,,,,,,,,,,,,,,,,,,,,,,,,,,,,,,,,,,,,,,,,,,,,,,,,,,,,,,,,,,,,,"OR14I1",,,,,,,,,,,,
,,,,,,,,,,,,,,,,,,,,,,,,,,,,,,,,,,,,,,,,,,,,,,,,,,,,,,,,,,,,,,,,,,,,,,,,,,,"OR5K2",,,,,,,,,,,,
,,,,,,,,,,,,,,,,,,,,,,,,,,,,,,,,,,,,,,,,,,,,,,,,,,,,,,,,,,,,,,,,,,,,,,,,,,,"OR2A42",,,,,,,,,,,,
,,,,,,,,,,,,,,,,,,,,,,,,,,,,,,,,,,,,,,,,,,,,,,,,,,,,,,,,,,,,,,,,,,,,,,,,,,,"OR2T27",,,,,,,,,,,,
,,,,,,,,,,,,,,,,,,,,,,,,,,,,,,,,,,,,,,,,,,,,,,,,,,,,,,,,,,,,,,,,,,,,,,,,,,,"OR4A47",,,,,,,,,,,,
,,,,,,,,,,,,,,,,,,,,,,,,,,,,,,,,,,,,,,,,,,,,,,,,,,,,,,,,,,,,,,,,,,,,,,,,,,,"OR4C45",,,,,,,,,,,,
,,,,,,,,,,,,,,,,,,,,,,,,,,,,,,,,,,,,,,,,,,,,,,,,,,,,,,,,,,,,,,,,,,,,,,,,,,,"OR5H14",,,,,,,,,,,,
,,,,,,,,,,,,,,,,,,,,,,,,,,,,,,,,,,,,,,,,,,,,,,,,,,,,,,,,,,,,,,,,,,,,,,,,,,,"OR5H15",,,,,,,,,,,,
,,,,,,,,,,,,,,,,,,,,,,,,,,,,,,,,,,,,,,,,,,,,,,,,,,,,,,,,,,,,,,,,,,,,,,,,,,,"OR5K3",,,,,,,,,,,,
,,,,,,,,,,,,,,,,,,,,,,,,,,,,,,,,,,,,,,,,,,,,,,,,,,,,,,,,,,,,,,,,,,,,,,,,,,,"OR5K4",,,,,,,,,,,,
,,,,,,,,,,,,,,,,,,,,,,,,,,,,,,,,,,,,,,,,,,,,,,,,,,,,,,,,,,,,,,,,,,,,,,,,,,,"OR6C65",,,,,,,,,,,,
,,,,,,,,,,,,,,,,,,,,,,,,,,,,,,,,,,,,,,,,,,,,,,,,,,,,,,,,,,,,,,,,,,,,,,,,,,,"OR6C68",,,,,,,,,,,,
,,,,,,,,,,,,,,,,,,,,,,,,,,,,,,,,,,,,,,,,,,,,,,,,,,,,,,,,,,,,,,,,,,,,,,,,,,,"ARRB1",,,,,,,,,,,,
,,,,,,,,,,,,,,,,,,,,,,,,,,,,,,,,,,,,,,,,,,,,,,,,,,,,,,,,,,,,,,,,,,,,,,,,,,,"ARRB2",,,,,,,,,,,,
,,,,,,,,,,,,,,,,,,,,,,,,,,,,,,,,,,,,,,,,,,,,,,,,,,,,,,,,,,,,,,,,,,,,,,,,,,,"OR11H12",,,,,,,,,,,,
,,,,,,,,,,,,,,,,,,,,,,,,,,,,,,,,,,,,,,,,,,,,,,,,,,,,,,,,,,,,,,,,,,,,,,,,,,,"OR4F21",,,,,,,,,,,,
,,,,,,,,,,,,,,,,,,,,,,,,,,,,,,,,,,,,,,,,,,,,,,,,,,,,,,,,,,,,,,,,,,,,,,,,,,,"OR5B3",,,,,,,,,,,,
,,,,,,,,,,,,,,,,,,,,,,,,,,,,,,,,,,,,,,,,,,,,,,,,,,,,,,,,,,,,,,,,,,,,,,,,,,,"OR9K2",,,,,,,,,,,,
,,,,,,,,,,,,,,,,,,,,,,,,,,,,,,,,,,,,,,,,,,,,,,,,,,,,,,,,,,,,,,,,,,,,,,,,,,,"OR4Q3",,,,,,,,,,,,
,,,,,,,,,,,,,,,,,,,,,,,,,,,,,,,,,,,,,,,,,,,,,,,,,,,,,,,,,,,,,,,,,,,,,,,,,,,"OR4M1",,,,,,,,,,,,
,,,,,,,,,,,,,,,,,,,,,,,,,,,,,,,,,,,,,,,,,,,,,,,,,,,,,,,,,,,,,,,,,,,,,,,,,,,"OR10J3",,,,,,,,,,,,
,,,,,,,,,,,,,,,,,,,,,,,,,,,,,,,,,,,,,,,,,,,,,,,,,,,,,,,,,,,,,,,,,,,,,,,,,,,"OR13G1",,,,,,,,,,,,
,,,,,,,,,,,,,,,,,,,,,,,,,,,,,,,,,,,,,,,,,,,,,,,,,,,,,,,,,,,,,,,,,,,,,,,,,,,"OR2B3",,,,,,,,,,,,
,,,,,,,,,,,,,,,,,,,,,,,,,,,,,,,,,,,,,,,,,,,,,,,,,,,,,,,,,,,,,,,,,,,,,,,,,,,"OR2J3",,,,,,,,,,,,
,,,,,,,,,,,,,,,,,,,,,,,,,,,,,,,,,,,,,,,,,,,,,,,,,,,,,,,,,,,,,,,,,,,,,,,,,,,"OR14J1",,,,,,,,,,,,
,,,,,,,,,,,,,,,,,,,,,,,,,,,,,,,,,,,,,,,,,,,,,,,,,,,,,,,,,,,,,,,,,,,,,,,,,,,"OR10C1",,,,,,,,,,,,
,,,,,,,,,,,,,,,,,,,,,,,,,,,,,,,,,,,,,,,,,,,,,,,,,,,,,,,,,,,,,,,,,,,,,,,,,,,"OR2A2",,,,,,,,,,,,
,,,,,,,,,,,,,,,,,,,,,,,,,,,,,,,,,,,,,,,,,,,,,,,,,,,,,,,,,,,,,,,,,,,,,,,,,,,"OR1D2",,,,,,,,,,,,
,,,,,,,,,,,,,,,,,,,,,,,,,,,,,,,,,,,,,,,,,,,,,,,,,,,,,,,,,,,,,,,,,,,,,,,,,,,"OR1F1",,,,,,,,,,,,
,,,,,,,,,,,,,,,,,,,,,,,,,,,,,,,,,,,,,,,,,,,,,,,,,,,,,,,,,,,,,,,,,,,,,,,,,,,"OR2C1",,,,,,,,,,,,
,,,,,,,,,,,,,,,,,,,,,,,,,,,,,,,,,,,,,,,,,,,,,,,,,,,,,,,,,,,,,,,,,,,,,,,,,,,"OR3A1",,,,,,,,,,,,
,,,,,,,,,,,,,,,,,,,,,,,,,,,,,,,,,,,,,,,,,,,,,,,,,,,,,,,,,,,,,,,,,,,,,,,,,,,"OR3A2",,,,,,,,,,,,
,,,,,,,,,,,,,,,,,,,,,,,,,,,,,,,,,,,,,,,,,,,,,,,,,,,,,,,,,,,,,,,,,,,,,,,,,,,"OR8U8",,,,,,,,,,,,
,,,,,,,,,,,,,,,,,,,,,,,,,,,,,,,,,,,,,,,,,,,,,,,,,,,,,,,,,,,,,,,,,,,,,,,,,,,"OR8U9",,,,,,,,,,,,
,,,,,,,,,,,,,,,,,,,,,,,,,,,,,,,,,,,,,,,,,,,,,,,,,,,,,,,,,,,,,,,,,,,,,,,,,,,"OR9G9",,,,,,,,,,,,
,,,,,,,,,,,,,,,,,,,,,,,,,,,,,,,,,,,,,,,,,,,,,,,,,,,,,,,,,,,,,,,,,,,,,,,,,,,"PDE1A",,,,,,,,,,,,
,,,,,,,,,,,,,,,,,,,,,,,,,,,,,,,,,,,,,,,,,,,,,,,,,,,,,,,,,,,,,,,,,,,,,,,,,,,"PDE1C",,,,,,,,,,,,
,,,,,,,,,,,,,,,,,,,,,,,,,,,,,,,,,,,,,,,,,,,,,,,,,,,,,,,,,,,,,,,,,,,,,,,,,,,"PDE2A",,,,,,,,,,,,
,,,,,,,,,,,,,,,,,,,,,,,,,,,,,,,,,,,,,,,,,,,,,,,,,,,,,,,,,,,,,,,,,,,,,,,,,,,"PDE1B",,,,,,,,,,,,
,,,,,,,,,,,,,,,,,,,,,,,,,,,,,,,,,,,,,,,,,,,,,,,,,,,,,,,,,,,,,,,,,,,,,,,,,,,"GNG13",,,,,,,,,,,,
,,,,,,,,,,,,,,,,,,,,,,,,,,,,,,,,,,,,,,,,,,,,,,,,,,,,,,,,,,,,,,,,,,,,,,,,,,,"CALML5",,,,,,,,,,,,
,,,,,,,,,,,,,,,,,,,,,,,,,,,,,,,,,,,,,,,,,,,,,,,,,,,,,,,,,,,,,,,,,,,,,,,,,,,"PRKACA",,,,,,,,,,,,
,,,,,,,,,,,,,,,,,,,,,,,,,,,,,,,,,,,,,,,,,,,,,,,,,,,,,,,,,,,,,,,,,,,,,,,,,,,"PRKACB",,,,,,,,,,,,
,,,,,,,,,,,,,,,,,,,,,,,,,,,,,,,,,,,,,,,,,,,,,,,,,,,,,,,,,,,,,,,,,,,,,,,,,,,"PRKACG",,,,,,,,,,,,
,,,,,,,,,,,,,,,,,,,,,,,,,,,,,,,,,,,,,,,,,,,,,,,,,,,,,,,,,,,,,,,,,,,,,,,,,,,"PRKG1",,,,,,,,,,,,
,,,,,,,,,,,,,,,,,,,,,,,,,,,,,,,,,,,,,,,,,,,,,,,,,,,,,,,,,,,,,,,,,,,,,,,,,,,"PRKG2",,,,,,,,,,,,
,,,,,,,,,,,,,,,,,,,,,,,,,,,,,,,,,,,,,,,,,,,,,,,,,,,,,,,,,,,,,,,,,,,,,,,,,,,"OR2S2",,,,,,,,,,,,
,,,,,,,,,,,,,,,,,,,,,,,,,,,,,,,,,,,,,,,,,,,,,,,,,,,,,,,,,,,,,,,,,,,,,,,,,,,"ANO2",,,,,,,,,,,,
,,,,,,,,,,,,,,,,,,,,,,,,,,,,,,,,,,,,,,,,,,,,,,,,,,,,,,,,,,,,,,,,,,,,,,,,,,,"RGS2",,,,,,,,,,,,
,,,,,,,,,,,,,,,,,,,,,,,,,,,,,,,,,,,,,,,,,,,,,,,,,,,,,,,,,,,,,,,,,,,,,,,,,,,"SLC8A2",,,,,,,,,,,,
,,,,,,,,,,,,,,,,,,,,,,,,,,,,,,,,,,,,,,,,,,,,,,,,,,,,,,,,,,,,,,,,,,,,,,,,,,,"SLC8A1",,,,,,,,,,,,
,,,,,,,,,,,,,,,,,,,,,,,,,,,,,,,,,,,,,,,,,,,,,,,,,,,,,,,,,,,,,,,,,,,,,,,,,,,"SLC8A3",,,,,,,,,,,,
,,,,,,,,,,,,,,,,,,,,,,,,,,,,,,,,,,,,,,,,,,,,,,,,,,,,,,,,,,,,,,,,,,,,,,,,,,,"OR4F29",,,,,,,,,,,,
,,,,,,,,,,,,,,,,,,,,,,,,,,,,,,,,,,,,,,,,,,,,,,,,,,,,,,,,,,,,,,,,,,,,,,,,,,,"OR13A1",,,,,,,,,,,,
,,,,,,,,,,,,,,,,,,,,,,,,,,,,,,,,,,,,,,,,,,,,,,,,,,,,,,,,,,,,,,,,,,,,,,,,,,,"OR5H6",,,,,,,,,,,,
,,,,,,,,,,,,,,,,,,,,,,,,,,,,,,,,,,,,,,,,,,,,,,,,,,,,,,,,,,,,,,,,,,,,,,,,,,,"OR5H2",,,,,,,,,,,,
,,,,,,,,,,,,,,,,,,,,,,,,,,,,,,,,,,,,,,,,,,,,,,,,,,,,,,,,,,,,,,,,,,,,,,,,,,,"OR4K5",,,,,,,,,,,,
,,,,,,,,,,,,,,,,,,,,,,,,,,,,,,,,,,,,,,,,,,,,,,,,,,,,,,,,,,,,,,,,,,,,,,,,,,,"OR2H2",,,,,,,,,,,,
,,,,,,,,,,,,,,,,,,,,,,,,,,,,,,,,,,,,,,,,,,,,,,,,,,,,,,,,,,,,,,,,,,,,,,,,,,,"OR51G1",,,,,,,,,,,,
,,,,,,,,,,,,,,,,,,,,,,,,,,,,,,,,,,,,,,,,,,,,,,,,,,,,,,,,,,,,,,,,,,,,,,,,,,,"OR51B4",,,,,,,,,,,,
,,,,,,,,,,,,,,,,,,,,,,,,,,,,,,,,,,,,,,,,,,,,,,,,,,,,,,,,,,,,,,,,,,,,,,,,,,,"OR51B2",,,,,,,,,,,,
,,,,,,,,,,,,,,,,,,,,,,,,,,,,,,,,,,,,,,,,,,,,,,,,,,,,,,,,,,,,,,,,,,,,,,,,,,,"OR52N1",,,,,,,,,,,,
,,,,,,,,,,,,,,,,,,,,,,,,,,,,,,,,,,,,,,,,,,,,,,,,,,,,,,,,,,,,,,,,,,,,,,,,,,,"OR4F5",,,,,,,,,,,,
,,,,,,,,,,,,,,,,,,,,,,,,,,,,,,,,,,,,,,,,,,,,,,,,,,,,,,,,,,,,,,,,,,,,,,,,,,,"OR2A4",,,,,,,,,,,,
,,,,,,,,,,,,,,,,,,,,,,,,,,,,,,,,,,,,,,,,,,,,,,,,,,,,,,,,,,,,,,,,,,,,,,,,,,,"OR4K1",,,,,,,,,,,,
,,,,,,,,,,,,,,,,,,,,,,,,,,,,,,,,,,,,,,,,,,,,,,,,,,,,,,,,,,,,,,,,,,,,,,,,,,,"CALM1",,,,,,,,,,,,
,,,,,,,,,,,,,,,,,,,,,,,,,,,,,,,,,,,,,,,,,,,,,,,,,,,,,,,,,,,,,,,,,,,,,,,,,,,"CALM2",,,,,,,,,,,,
,,,,,,,,,,,,,,,,,,,,,,,,,,,,,,,,,,,,,,,,,,,,,,,,,,,,,,,,,,,,,,,,,,,,,,,,,,,"CALM3",,,,,,,,,,,,
,,,,,,,,,,,,,,,,,,,,,,,,,,,,,,,,,,,,,,,,,,,,,,,,,,,,,,,,,,,,,,,,,,,,,,,,,,,"CALML3",,,,,,,,,,,,
,,,,,,,,,,,,,,,,,,,,,,,,,,,,,,,,,,,,,,,,,,,,,,,,,,,,,,,,,,,,,,,,,,,,,,,,,,,"OR5AC2",,,,,,,,,,,,
,,,,,,,,,,,,,,,,,,,,,,,,,,,,,,,,,,,,,,,,,,,,,,,,,,,,,,,,,,,,,,,,,,,,,,,,,,,"OR11H1",,,,,,,,,,,,
,,,,,,,,,,,,,,,,,,,,,,,,,,,,,,,,,,,,,,,,,,,,,,,,,,,,,,,,,,,,,,,,,,,,,,,,,,,"OR4F17",,,,,,,,,,,,
,,,,,,,,,,,,,,,,,,,,,,,,,,,,,,,,,,,,,,,,,,,,,,,,,,,,,,,,,,,,,,,,,,,,,,,,,,,"OR4K15",,,,,,,,,,,,
,,,,,,,,,,,,,,,,,,,,,,,,,,,,,,,,,,,,,,,,,,,,,,,,,,,,,,,,,,,,,,,,,,,,,,,,,,,"OR8J3",,,,,,,,,,,,
,,,,,,,,,,,,,,,,,,,,,,,,,,,,,,,,,,,,,,,,,,,,,,,,,,,,,,,,,,,,,,,,,,,,,,,,,,,"OR51G2",,,,,,,,,,,,
,,,,,,,,,,,,,,,,,,,,,,,,,,,,,,,,,,,,,,,,,,,,,,,,,,,,,,,,,,,,,,,,,,,,,,,,,,,"OR51E2",,,,,,,,,,,,
,,,,,,,,,,,,,,,,,,,,,,,,,,,,,,,,,,,,,,,,,,,,,,,,,,,,,,,,,,,,,,,,,,,,,,,,,,,"OR4P4",,,,,,,,,,,,
,,,,,,,,,,,,,,,,,,,,,,,,,,,,,,,,,,,,,,,,,,,,,,,,,,,,,,,,,,,,,,,,,,,,,,,,,,,"OR4C15",,,,,,,,,,,,
,,,,,,,,,,,,,,,,,,,,,,,,,,,,,,,,,,,,,,,,,,,,,,,,,,,,,,,,,,,,,,,,,,,,,,,,,,,"OR4A5",,,,,,,,,,,,
,,,,,,,,,,,,,,,,,,,,,,,,,,,,,,,,,,,,,,,,,,,,,,,,,,,,,,,,,,,,,,,,,,,,,,,,,,,"OR4A16",,,,,,,,,,,,
,,,,,,,,,,,,,,,,,,,,,,,,,,,,,,,,,,,,,,,,,,,,,,,,,,,,,,,,,,,,,,,,,,,,,,,,,,,"OR4A15",,,,,,,,,,,,
,,,,,,,,,,,,,,,,,,,,,,,,,,,,,,,,,,,,,,,,,,,,,,,,,,,,,,,,,,,,,,,,,,,,,,,,,,,"OR10W1",,,,,,,,,,,,
,,,,,,,,,,,,,,,,,,,,,,,,,,,,,,,,,,,,,,,,,,,,,,,,,,,,,,,,,,,,,,,,,,,,,,,,,,,"OR2AE1",,,,,,,,,,,,
,,,,,,,,,,,,,,,,,,,,,,,,,,,,,,,,,,,,,,,,,,,,,,,,,,,,,,,,,,,,,,,,,,,,,,,,,,,"OR4F16",,,,,,,,,,,,
,,,,,,,,,,,,,,,,,,,,,,,,,,,,,,,,,,,,,,,,,,,,,,,,,,,,,,,,,,,,,,,,,,,,,,,,,,,"OR6N2",,,,,,,,,,,,
,,,,,,,,,,,,,,,,,,,,,,,,,,,,,,,,,,,,,,,,,,,,,,,,,,,,,,,,,,,,,,,,,,,,,,,,,,,"OR6K2",,,,,,,,,,,,
,,,,,,,,,,,,,,,,,,,,,,,,,,,,,,,,,,,,,,,,,,,,,,,,,,,,,,,,,,,,,,,,,,,,,,,,,,,"OR2L5",,,,,,,,,,,,
,,,,,,,,,,,,,,,,,,,,,,,,,,,,,,,,,,,,,,,,,,,,,,,,,,,,,,,,,,,,,,,,,,,,,,,,,,,"OR2G3",,,,,,,,,,,,
,,,,,,,,,,,,,,,,,,,,,,,,,,,,,,,,,,,,,,,,,,,,,,,,,,,,,,,,,,,,,,,,,,,,,,,,,,,"OR2G2",,,,,,,,,,,,
,,,,,,,,,,,,,,,,,,,,,,,,,,,,,,,,,,,,,,,,,,,,,,,,,,,,,,,,,,,,,,,,,,,,,,,,,,,"OR2C3",,,,,,,,,,,,
,,,,,,,,,,,,,,,,,,,,,,,,,,,,,,,,,,,,,,,,,,,,,,,,,,,,,,,,,,,,,,,,,,,,,,,,,,,"CAMK2A",,,,,,,,,,,,
,,,,,,,,,,,,,,,,,,,,,,,,,,,,,,,,,,,,,,,,,,,,,,,,,,,,,,,,,,,,,,,,,,,,,,,,,,,"CAMK2B",,,,,,,,,,,,
,,,,,,,,,,,,,,,,,,,,,,,,,,,,,,,,,,,,,,,,,,,,,,,,,,,,,,,,,,,,,,,,,,,,,,,,,,,"OR5V1",,,,,,,,,,,,
,,,,,,,,,,,,,,,,,,,,,,,,,,,,,,,,,,,,,,,,,,,,,,,,,,,,,,,,,,,,,,,,,,,,,,,,,,,"OR2B2",,,,,,,,,,,,
,,,,,,,,,,,,,,,,,,,,,,,,,,,,,,,,,,,,,,,,,,,,,,,,,,,,,,,,,,,,,,,,,,,,,,,,,,,"CAMK2D",,,,,,,,,,,,
,,,,,,,,,,,,,,,,,,,,,,,,,,,,,,,,,,,,,,,,,,,,,,,,,,,,,,,,,,,,,,,,,,,,,,,,,,,"OR12D3",,,,,,,,,,,,
,,,,,,,,,,,,,,,,,,,,,,,,,,,,,,,,,,,,,,,,,,,,,,,,,,,,,,,,,,,,,,,,,,,,,,,,,,,"CAMK2G",,,,,,,,,,,,
,,,,,,,,,,,,,,,,,,,,,,,,,,,,,,,,,,,,,,,,,,,,,,,,,,,,,,,,,,,,,,,,,,,,,,,,,,,"OR1A1",,,,,,,,,,,,
,,,,,,,,,,,,,,,,,,,,,,,,,,,,,,,,,,,,,,,,,,,,,,,,,,,,,,,,,,,,,,,,,,,,,,,,,,,"OR1D5",,,,,,,,,,,,
,,,,,,,,,,,,,,,,,,,,,,,,,,,,,,,,,,,,,,,,,,,,,,,,,,,,,,,,,,,,,,,,,,,,,,,,,,,"OR1E1",,,,,,,,,,,,
,,,,,,,,,,,,,,,,,,,,,,,,,,,,,,,,,,,,,,,,,,,,,,,,,,,,,,,,,,,,,,,,,,,,,,,,,,,"OR1E2",,,,,,,,,,,,
,,,,,,,,,,,,,,,,,,,,,,,,,,,,,,,,,,,,,,,,,,,,,,,,,,,,,,,,,,,,,,,,,,,,,,,,,,,"OR1G1",,,,,,,,,,,,
,,,,,,,,,,,,,,,,,,,,,,,,,,,,,,,,,,,,,,,,,,,,,,,,,,,,,,,,,,,,,,,,,,,,,,,,,,,"OR3A3",,,,,,,,,,,,
,,,,,,,,,,,,,,,,,,,,,,,,,,,,,,,,,,,,,,,,,,,,,,,,,,,,,,,,,,,,,,,,,,,,,,,,,,,"NCALD",,,,,,,,,,,,
,,,,,,,,,,,,,,,,,,,,,,,,,,,,,,,,,,,,,,,,,,,,,,,,,,,,,,,,,,,,,,,,,,,,,,,,,,,"OR6A2",,,,,,,,,,,,
,,,,,,,,,,,,,,,,,,,,,,,,,,,,,,,,,,,,,,,,,,,,,,,,,,,,,,,,,,,,,,,,,,,,,,,,,,,"CALML4",,,,,,,,,,,,
